company,website,symbol,dividend,anouncement_date,record_date,ex_date,pay_date
Altra Industrial Motion Corp,http://www.altramotion.com,AIMC,0.17,2018-10-16,2018-12-17,2018-12-14,2019-01-03
American Railcar Industries Inc,http://www.americanrailcar.com,ARII,0.4,2018-10-30,2018-12-17,2018-12-14,2018-12-27
Amphenol Corp,http://www.amphenol.com,APH,0.23,2018-11-01,2018-12-17,2018-12-14,2019-01-08
Ares Management LP,http://www.aresmgmt.com,ARES,0.28,2018-11-01,2018-12-17,2018-12-14,2018-12-31
Banc of California Inc,http://www.bancinc.com,BANC,0.13,2018-11-15,2018-12-17,2018-12-14,2019-01-02
Berry Petroleum Corp,http://www.berrypetroleum.com,BRY,0.12,2018-11-07,2018-12-17,2018-12-14,2019-01-15
BlackRock TCP Capital Corp,http://www.tcpcapital.com,TCPC,0.36,2018-11-08,2018-12-17,2018-12-14,2018-12-31
DTE Energy Co,http://www.dteenergy.com,DTE,0.945,2018-11-09,2018-12-17,2018-12-14,2019-01-15
First Citizens BancShares Inc,http://www.firstcitizens.com,FCNCA,0.4,2018-10-25,2018-12-17,2018-12-14,2019-01-07
Iron Mountain Inc,http://www.ironmountain.com,IRM,0.611,2018-10-25,2018-12-17,2018-12-14,2019-01-03
KBR Inc,http://www.kbr.com,KBR,0.08,2018-10-10,2018-12-17,2018-12-14,2019-01-15
Merck & Co Inc,http://www.merck.com,MRK,0.55,2018-10-25,2018-12-17,2018-12-14,2019-01-08
Methanex Corp,,MX:CA,0.33,2018-11-13,2018-12-17,2018-12-14,2018-12-31
MTS Systems Corp,http://www.mts.com,MTSC,0.3,2018-11-13,2018-12-17,2018-12-14,2018-12-31
NewMarket Corp,http://www.newmarket.com,NEU,1.75,2018-10-25,2018-12-17,2018-12-14,2019-01-02
NexPoint Residential Trust Inc,http://www.nexpointliving.com,NXRT,0.275,2018-10-30,2018-12-17,2018-12-14,2018-12-31
OFS Capital Corp,http://www.ofscapital.com,OFS,0.34,2018-11-02,2018-12-17,2018-12-14,2018-12-31
Owens & Minor Inc,http://www.owens-minor.com,OMI,0.075,2018-10-31,2018-12-17,2018-12-14,2019-01-02
Oxford Square Capital Corp,http://www.ticc.com,OXSQ,0.2,2018-10-30,2018-12-17,2018-12-14,2018-12-31
Rayonier Advanced Materials Inc,http://www.rayonieram.com,RYAM,0.07,2018-10-04,2018-12-17,2018-12-14,2018-12-31
Rayonier Inc,http://www.rayonier.com,RYN,0.27,2018-10-19,2018-12-17,2018-12-14,2018-12-31
Restaurant Brands International Inc,,QSR:CA,0.45,2018-10-24,2018-12-17,2018-12-14,2019-01-04
Restaurant Brands International LP,,QSP_UN:CA,0.45,2018-10-24,2018-12-17,2018-12-14,2019-01-04
SpartanNash Co,http://www.spartannash.com,SPTN,0.18,2018-11-16,2018-12-17,2018-12-14,2018-12-31
Spirit AeroSystems Holdings Inc,http://www.spiritaero.com,SPR,0.12,2018-10-24,2018-12-17,2018-12-14,2019-01-07
Stock Yards Bancorp Inc,http://www.syb.com,SYBT,0.25,2018-11-21,2018-12-17,2018-12-14,2018-12-31
Thermo Fisher Scientific Inc,http://www.thermofisher.com,TMO,0.17,2018-11-08,2018-12-17,2018-12-14,2019-01-15
U.S. Global Investors Inc,http://www.usfunds.com,GROW,0.0025,2018-10-03,2018-12-17,2018-12-14,2018-12-31
Viacom Inc,http://www.viacom.com,VIAB,0.2,2018-11-16,2018-12-17,2018-12-14,2019-01-02
Apple Hospitality REIT Inc,http://www.applehospitalityreit.com,APLE,0.1,2018-11-20,2018-12-03,2018-11-30,2018-12-17
Ashland Global Holdings Inc,http://www.ashland.com,ASH,0.25,2018-11-15,2018-12-03,2018-11-30,2018-12-15
Associated Banc-Corp,http://www.associatedbank.com,ASB,0.17,2018-10-23,2018-12-03,2018-11-30,2018-12-17
Atrion Corp,http://www.atrioncorp.com,ATRI,1.35,2018-11-12,2018-12-03,2018-11-30,2018-12-17
Ball Corp,http://www.ball.com,BLL,0.1,2018-10-24,2018-12-03,2018-11-30,2018-12-17
Baxter International Inc,http://www.baxter.com,BAX,0.19,2018-11-13,2018-12-03,2018-11-30,2019-01-02
Boise Cascade Co,http://www.bc.com,BCC,0.09,2018-11-02,2018-12-03,2018-11-30,2018-12-17
BorgWarner Inc,http://www.borgwarner.com,BWA,0.17,2018-11-08,2018-12-03,2018-11-30,2018-12-17
Bruker Corp,http://www.bruker.com,BRKR,0.04,2018-11-09,2018-12-03,2018-11-30,2018-12-21
Cadence Bancorp,http://www.cadencebank.com,CADE,0.15,2018-10-22,2018-12-03,2018-11-30,2018-12-17
Capital City Bank Group Inc,http://www.ccbg.com,CCBG,0.09,2018-11-19,2018-12-03,2018-11-30,2018-12-17
Cathay General Bancorp,http://www.cathaybank.com,CATY,0.31,2018-11-16,2018-12-03,2018-11-30,2018-12-13
CDK Global Inc,http://www.cdkglobal.com,CDK,0.15,2018-11-13,2018-12-03,2018-11-30,2018-12-28
Clearway Energy Inc,http://investor.clearwayenergy.com,CWEN/A,0.331,2018-11-06,2018-12-03,2018-11-30,2018-12-17
CNB Financial Services Inc,,CBFC,0.58,2018-11-16,2018-12-03,2018-11-30,2018-12-13
CNB Financial Services Inc,,CBFC,0.95,2018-11-20,2018-12-03,2018-11-30,2018-12-13
Columbia Property Trust Inc,http://www.columbia.reit,CXP,0.2,2018-11-13,2018-12-03,2018-11-30,2019-01-04
Compass Minerals International Inc,http://www.compassminerals.com,CMP,0.72,2018-11-08,2018-12-03,2018-11-30,2018-12-17
Connecticut Water Service Inc,http://www.ctwater.com,CTWS,0.3125,2018-11-19,2018-12-03,2018-11-30,2018-12-17
Cooper Tire & Rubber Co,http://www.coopertire.com,CTB,0.105,2018-10-26,2018-12-03,2018-11-30,2018-12-28
Diamond Hill Investment Group Inc,http://www.diamond-hill.com,DHIL,8,2018-10-30,2018-12-03,2018-11-30,2018-12-11
Emclaire Financial Corp,http://www.emclairefinancial.com,EMCF,0.28,2018-11-21,2018-12-03,2018-11-30,2018-12-21
Ensco PLC,http://www.enscoplc.com,ESV,0.01,2018-11-06,2018-12-03,2018-11-30,2018-12-14
Expeditors International of Washington Inc,http://www.expeditors.com,EXPD,0.45,2018-11-06,2018-12-03,2018-11-30,2018-12-17
F.N.B. Corp,http://www.fnb-online.com,FNB,0.12,2018-10-17,2018-12-03,2018-11-30,2018-12-15
First Financial Bancorp,http://www.bankatfirst.com,FFBC,0.2,2018-10-23,2018-12-03,2018-11-30,2018-12-17
FNCB Bancorp Inc,http://www.fncb.com,FNCB,0.05,2018-10-31,2018-12-03,2018-11-30,2018-12-17
Fulton Financial Corp,http://www.fult.com,FULT,0.04,2018-11-19,2018-12-03,2018-11-30,2018-12-14
FutureFuel Corp,http://www.futurefuelcorporation.com,FF,0.06,2017-12-06,2018-12-03,2018-11-30,2018-12-17
Great-West Lifeco Inc,,GWO:CA,0.389,2018-10-31,2018-12-03,2018-11-30,2018-12-31
Group 1 Automotive Inc,http://www.group1auto.com,GPI,0.26,2018-11-15,2018-12-03,2018-11-30,2018-12-17
H & R Block Inc,http://www.hrblock.com,HRB,0.25,2018-11-01,2018-12-03,2018-11-30,2019-01-02
Hartford Financial Services Group Inc,http://www.thehartford.com,HIG,0.3,2018-10-18,2018-12-03,2018-11-30,2019-01-02
Haverty Furniture Companies Inc,http://www.havertys.com,HVT,0.18,2018-11-16,2018-12-03,2018-11-30,2018-12-17
Haverty Furniture Companies Inc,http://www.havertys.com,HVT,1,2018-11-16,2018-12-03,2018-11-30,2018-12-17
Haynes International Inc,http://www.haynesintl.com,HAYN,0.22,2018-11-15,2018-12-03,2018-11-30,2018-12-17
HCA Healthcare Inc,http://www.hcahealthcare.com,HCA,0.35,2018-10-30,2018-12-03,2018-11-30,2018-12-28
Houlihan Lokey Inc,http://www.hl.com,HLI,0.27,2018-10-25,2018-12-03,2018-11-30,2018-12-14
Imperial Oil Ltd,,IMO:CA,0.19,2018-11-02,2018-12-03,2018-11-30,2019-01-01
Interpublic Group of Companies Inc,http://www.interpublic.com,IPG,0.21,2018-11-13,2018-12-03,2018-11-30,2018-12-17
Investors Title Co,http://www.invtitle.com,ITIC,0.4,2018-11-13,2018-12-03,2018-11-30,2018-12-17
Investors Title Co,http://www.invtitle.com,ITIC,10.6,2018-11-13,2018-12-03,2018-11-30,2018-12-17
Jack Henry & Associates Inc,http://www.jackhenry.com,JKHY,0.37,2018-11-15,2018-12-03,2018-11-30,2018-12-20
Kellogg Co,http://www.kelloggcompany.com,K,0.56,2018-10-19,2018-12-03,2018-11-30,2018-12-17
Knight-Swift Transportation Holdings Inc,http://knight-swiftinc.com,KNX,0.06,2018-11-09,2018-12-03,2018-11-30,2018-12-27
LCNB Corp,http://www.lcnb.com,LCNB,0.17,2018-11-19,2018-12-03,2018-11-30,2018-12-17
Live Oak Bancshares Inc,http://www.liveoakbank.com,LOB,0.03,2018-11-20,2018-12-03,2018-11-30,2018-12-17
Lockheed Martin Corp,http://www.lockheedmartin.com,LMT,2.2,2018-09-27,2018-12-03,2018-11-30,2018-12-28
M&T Bank Corp,http://www.mtb.com,MTB,1,2018-11-20,2018-12-03,2018-11-30,2018-12-31
ManpowerGroup Inc,http://www.manpowergroup.com,MAN,1.01,2018-11-09,2018-12-03,2018-11-30,2018-12-14
Martin Marietta Materials Inc,http://www.martinmarietta.com,MLM,0.48,2018-11-15,2018-12-03,2018-11-30,2018-12-31
Mcdonald's Corp,http://www.aboutmcdonalds.com,MCD,1.16,2018-09-20,2018-12-03,2018-11-30,2018-12-17
McKesson Corp,http://www.mckesson.com,MCK,0.39,2018-10-25,2018-12-03,2018-11-30,2019-01-02
Metalla Royalty & Streaming Ltd,,MTA:CA,0.0015,2018-09-17,2018-12-03,2018-11-30,2018-12-17
Miller Industries Inc,http://www.millerind.com,MLR,0.18,2018-11-07,2018-12-03,2018-11-30,2018-12-10
Nathan's Famous Inc,http://www.nathansfamous.com,NATH,0.25,2018-11-02,2018-12-03,2018-11-30,2018-12-14
Nike Inc,http://www.nike.com,NKE,0.22,2018-11-15,2018-12-03,2018-11-30,2019-01-02
NN Inc,http://www.nninc.com,NNBR,0.07,2018-11-16,2018-12-03,2018-11-30,2018-12-17
Northrop Grumman Corp,http://www.northropgrumman.com,NOC,1.2,2018-11-14,2018-12-03,2018-11-30,2018-12-19
Old National Bancorp,http://www.oldnational.com,ONB,0.13,2018-10-25,2018-12-03,2018-11-30,2018-12-17
Olympic Steel Inc,http://www.olysteel.com,ZEUS,0.02,2018-11-08,2018-12-03,2018-11-30,2018-12-17
Pennsylvania Real Estate Investment Trust,http://www.preit.com,PEI,0.21,2018-10-23,2018-12-03,2018-11-30,2018-12-17
Peoples Bancorp of North Carolina Inc,http://www.peoplesbanknc.com,PEBK,0.13,2018-11-19,2018-12-03,2018-11-30,2018-12-14
Polaris Industries Inc,http://www.polaris.com,PII,0.6,2018-10-24,2018-12-03,2018-11-30,2018-12-17
Principal Financial Group Inc,http://www.principal.com,PFG,0.54,2018-10-26,2018-12-03,2018-11-30,2018-12-28
Progress Software Corp,http://www.progress.com,PRGS,0.155,2018-09-27,2018-12-03,2018-11-30,2018-12-17
Realty Income Corp,http://www.realtyincome.com,O,0.2205,2018-11-16,2018-12-03,2018-11-30,2018-12-14
Safety Insurance Group Inc,http://www.safetyinsurance.com,SAFT,0.8,2018-10-31,2018-12-03,2018-11-30,2018-12-14
Silgan Holdings Inc,http://www.silganholdings.com,SLGN,0.1,2018-11-08,2018-12-03,2018-11-30,2018-12-17
State Bank Financial Corp,http://www.statebt.com,STBZ,0.2,2018-11-15,2018-12-03,2018-11-30,2018-12-11
Stella-Jones Inc,,SJ:CA,0.12,2018-11-02,2018-12-03,2018-11-30,2018-12-20
Stifel Financial Corp,http://www.stifel.com,SF,0.12,2018-11-13,2018-12-03,2018-11-30,2018-12-17
Strategic Education Inc,http://www.strayereducation.com,STRA,0.5,2018-11-08,2018-12-03,2018-11-30,2018-12-17
Suncor Energy Inc,,SU:CA,0.36,2018-11-15,2018-12-03,2018-11-30,2018-12-24
TerraForm Power Inc,http://www.terraformpower.com,TERP,0.19,2018-11-08,2018-12-03,2018-11-30,2018-12-17
TransAlta Corp,,TA:CA,0.04,2018-10-10,2018-12-03,2018-11-30,2019-01-01
Triton International Ltd,http://www.trtn.com,TRTN,0.52,2018-11-02,2018-12-03,2018-11-30,2018-12-20
UnitedHealth Group Inc,http://www.unitedhealthgroup.com,UNH,0.9,2018-11-09,2018-12-03,2018-11-30,2018-12-13
Universal Health Services Inc,http://www.uhsinc.com,UHS,0.1,2018-11-14,2018-12-03,2018-11-30,2018-12-17
Washington Prime Group Inc,http://www.washingtonprime.com,WPG,0.25,2018-11-13,2018-12-03,2018-11-30,2018-12-17
Wendys Co,http://www.wendys.com/en-us/about-wendys,WEN,0.085,2018-11-01,2018-12-03,2018-11-30,2018-12-17
WEYCO Group Inc,http://www.weycogroup.com,WEYS,0.23,2018-11-07,2018-12-03,2018-11-30,2019-01-02
Air Lease Corp,http://www.airleasecorp.com,AL,0.13,2018-11-08,2018-12-13,2018-12-12,2019-01-09
American Assets Trust Inc,http://www.americanassetstrust.com,AAT,0.28,2018-10-30,2018-12-13,2018-12-12,2018-12-27
Easterly Government Properties Inc,http://www.easterlyreit.com,DEA,0.26,2018-10-30,2018-12-13,2018-12-12,2018-12-27
Financial Institutions Inc,http://www.five-starbank.com,FISI,0.2478261,2018-11-21,2018-12-13,2018-12-12,2019-01-02
Global Net Lease Inc,http://www.globalnetlease.com,GNL,0.1775,2018-10-01,2018-12-13,2018-12-12,2018-12-17
H&R Real Estate Investment Trust,,HR_UN:CA,0.115,2018-11-12,2018-12-13,2018-12-12,2018-12-31
HP Inc,http://www.hp.com,HPQ,0.1602,2018-11-13,2018-12-13,2018-12-12,2019-01-02
MDU Resources Group Inc,http://www.mdu.com,MDU,0.2025,2018-11-15,2018-12-13,2018-12-12,2019-01-01
Medical Properties Trust Inc,http://www.medicalpropertiestrust.com,MPW,0.25,2018-11-15,2018-12-13,2018-12-12,2019-01-10
Mercury General Corp,http://www.mercuryinsurance.com,MCY,0.6275,2018-10-29,2018-12-13,2018-12-12,2018-12-27
Nabors Industries Ltd,http://www.nabors.com,NBR,0.06,2018-11-16,2018-12-13,2018-12-12,2019-01-03
Oxford Lane Capital Corp,,OXLC,0.135,2018-08-07,2018-12-24,2018-12-21,2018-12-31
American Equity Investment Life Holding Co,http://www.american-equity.com,AEL,0.28,2018-11-15,2018-11-28,2018-11-27,2018-12-12
Blackbaud Inc,http://www.blackbaud.com,BLKB,0.12,2018-10-29,2018-11-28,2018-11-27,2018-12-14
Calian Group Ltd,,CGY:CA,0.28,2018-11-14,2018-11-28,2018-11-27,2018-12-12
Everest Re Group Ltd,http://www.everestregroup.com,RE,1.4,2018-11-14,2018-11-28,2018-11-27,2018-12-12
Hyatt Hotels Corp,http://www.hyatt.com,H,0.15,2018-10-30,2018-11-28,2018-11-27,2018-12-10
Kearny Financial Corp,http://www.kearnybank.com,KRNY,0.05,2018-11-14,2018-11-28,2018-11-27,2018-12-12
Loews Corp,http://www.loews.com,L,0.0625,2018-11-13,2018-11-28,2018-11-27,2018-12-11
Medley Management Inc,http://www.mdly.com,MDLY,0.2,2018-11-14,2018-11-28,2018-11-27,2018-12-12
Middlefield Banc Corp,http://www.middlefieldbank.com,MBCN,0.28,2018-11-21,2018-11-28,2018-11-27,2018-12-15
Ottawa Savings Bancorp Inc,http://www.ottawasavings.com,OTTW,0.05,2018-11-14,2018-11-28,2018-11-27,2018-12-12
Phibro Animal Health Corp,http://www.pahc.com,PAHC,0.12,2018-11-05,2018-11-28,2018-11-27,2018-12-19
Piper Jaffray Companies,http://www.piperjaffray.com,PJC,0.375,2018-10-26,2018-11-28,2018-11-27,2018-12-14
PVH Corp,http://www.pvh.com,PVH,0.0375,2018-10-26,2018-11-28,2018-11-27,2018-12-21
Ritchie Bros. Auctioneers Inc,,RBA:CA,0.18,2018-11-08,2018-11-28,2018-11-27,2018-12-19
S&P Global Inc,http://www.spglobal.com,SPGI,0.5,2018-10-29,2018-11-28,2018-11-27,2018-12-12
Silvercorp Metals Inc,,SVM:CA,0.0125,2018-11-15,2018-11-28,2018-11-27,2018-12-19
STERIS plc,http://www.steris.com,STE,0.34,2018-11-06,2018-11-28,2018-11-27,2018-12-21
Sun Life Financial Inc,,SLF:CA,0.5,2018-11-07,2018-11-28,2018-11-27,2018-12-31
Teradyne Inc,http://www.teradyne.com,TER,0.09,2018-11-13,2018-11-28,2018-11-27,2018-12-21
TFS Financial Corp,http://www.thirdfederal.com,TFSL,0.25,2018-11-14,2018-11-28,2018-11-27,2018-12-12
W. R. Berkley Corp,http://www.wrberkley.com,WRB,0.15,2018-11-09,2018-11-28,2018-11-27,2018-12-12
W. R. Berkley Corp,http://www.wrberkley.com,WRB,0.5,2018-11-09,2018-11-28,2018-11-27,2018-12-12
Xperi Corp,http://www.xperi.com,XPER,0.2,2018-11-07,2018-11-28,2018-11-27,2018-12-19
Best Buy Co Inc,http://www.bestbuy.com,BBY,0.45,2018-11-21,2018-12-11,2018-12-10,2018-12-31
CBS Corp,http://www.cbscorporation.com,CBS,0.18,2018-11-05,2018-12-11,2018-12-10,2019-01-01
Foresight Energy LP,http://www.foresight.com,FELP,0.0565,2018-11-07,2018-12-11,2018-12-10,2018-12-21
GAIN Capital Holdings Inc,http://www.gaincapital.com,GCAP,0.06,2018-10-25,2018-12-11,2018-12-10,2018-12-18
Glacier Bancorp Inc,http://www.glacierbancorp.com,GBCI,0.26,2018-11-13,2018-12-11,2018-12-10,2018-12-20
Hydro One Ltd,,H:CA,0.23,2018-11-08,2018-12-11,2018-12-10,2018-12-31
Rogers Communications Inc,,RCI_B:CA,0.48,2018-10-19,2018-12-11,2018-12-10,2019-01-03
Spire Inc,http://www.spireenergy.com,SR,0.5925,2018-11-15,2018-12-11,2018-12-10,2019-01-03
Taro Pharmaceutical Industries Ltd,http://www.taro.com,TARO,12.81,2018-11-05,2018-12-11,2018-12-10,2018-12-28
Telus Corp,,T:CA,0.545,2018-11-08,2018-12-11,2018-12-10,2019-01-02
BlackRock Capital Investment Corp,http://www.blackrockbkcc.com,BKCC,0.18,2018-10-31,2018-12-18,2018-12-17,2019-01-08
Briggs & Stratton Corp,http://www.basco.com,BGG,0.14,2018-10-25,2018-12-18,2018-12-17,2019-01-03
Horizon Technology Finance Corp,http://www.horizontechnologyfinancecorp.com,HRZN,0.1,2018-10-30,2018-12-18,2018-12-17,2019-01-15
Huntington Bancshares Inc,http://www.huntington.com,HBAN,0.14,2018-10-18,2018-12-18,2018-12-17,2019-01-02
Kaman Corp,http://www.kaman.com,KAMN,0.2,2018-11-13,2018-12-18,2018-12-17,2019-01-03
Las Vegas Sands Corp,http://www.sands.com,LVS,0.75,2018-10-24,2018-12-18,2018-12-17,2018-12-27
Main Street Capital Corp,http://www.mainstcapital.com,MAIN,0.275,2018-10-11,2018-12-18,2018-12-17,2018-12-27
Newtek Business Services Corp,http://www.newtekone.com,NEWT,0.5,2018-10-29,2018-12-18,2018-12-17,2018-12-28
Orion Engineered Carbons SA,http://www.orioncarbons.com,OEC,0.2,2018-09-27,2018-12-18,2018-12-17,2018-12-28
Renasant Corp,http://www.renasant.com,RNST,0.21,2018-10-24,2018-12-18,2018-12-17,2019-01-01
Tailored Brands Inc,http://www.tailoredbrands.com,TLRD,0.18,2018-09-24,2018-12-18,2018-12-17,2018-12-28
Terreno Realty Corp,http://www.terreno.com,TRNO,0.24,2018-11-01,2018-12-18,2018-12-17,2019-01-11
Chemung Financial Corp,http://www.chemungcanal.com,CHMG,0.26,2018-11-15,2018-12-19,2018-12-18,2019-01-02
Cincinnati Financial Corp,http://www.cinfin.com,CINF,0.53,2018-11-16,2018-12-19,2018-12-18,2019-01-15
Legg Mason Inc,http://www.leggmason.com,LM,0.34,2018-10-29,2018-12-19,2018-12-18,2019-01-14
Seagate Technology PLC,http://www.seagate.com,STX,0.63,2018-11-02,2018-12-19,2018-12-18,2019-01-02
Tupperware Brands Corp,http://www.tupperwarebrands.com,TUP,0.68,2018-11-01,2018-12-19,2018-12-18,2019-01-04
Armstrong World Industries Inc,http://www.armstrongceilings.com,AWI,0.175,2018-11-06,2018-12-04,2018-12-03,2018-12-14
Blue Hills Bancorp Inc,http://www.bluehillsbancorp.com,BHBK,0.2,2018-11-21,2018-12-04,2018-12-03,2018-12-18
Cass Information Systems Inc,http://www.cassinfo.com,CASS,0.26,2018-10-25,2018-12-04,2018-12-03,2018-12-14
Cedar Fair LP,http://www.cedarfair.com,FUN,0.925,2018-10-30,2018-12-04,2018-12-03,2018-12-17
Cinemark Holdings Inc,http://investors.cinemark.com,CNK,0.32,2018-11-15,2018-12-04,2018-12-03,2018-12-18
CompX International Inc,http://www.compx.com,CIX,0.05,2018-11-01,2018-12-04,2018-12-03,2018-12-11
Fluor Corp,http://www.fluor.com,FLR,0.21,2018-10-31,2018-12-04,2018-12-03,2019-01-03
Heartland Express Inc,http://www.heartlandexpress.com,HTLD,0.02,2018-11-19,2018-12-04,2018-12-03,2018-12-14
Kewaunee Scientific Corp,http://www.kewaunee.com,KEQU,0.19,2018-11-20,2018-12-04,2018-12-03,2018-12-17
Kronos Worldwide Inc,http://kronostio2.com,KRO,0.17,2018-10-25,2018-12-04,2018-12-03,2018-12-13
NIC Inc,http://www.egov.com,EGOV,0.08,2018-11-01,2018-12-04,2018-12-03,2018-12-18
Old Point Financial Corp,http://www.oldpoint.com,OPOF,0.11,2018-11-21,2018-12-04,2018-12-03,2018-12-28
Old Republic International Corp,http://www.oldrepublic.com,ORI,0.195,2018-11-21,2018-12-04,2018-12-03,2018-12-14
Saputo Inc,,SAP:CA,0.165,2018-11-01,2018-12-04,2018-12-03,2018-12-14
Stage Stores Inc,http://corporate.stage.com,SSI,0.05,2018-11-20,2018-12-04,2018-12-03,2018-12-19
Tenneco Inc,http://www.tenneco.com,TEN,0.25,2018-10-10,2018-12-04,2018-12-03,2018-12-21
Valhi Inc,http://www.valhi.net,VHI,0.02,2018-11-01,2018-12-04,2018-12-03,2018-12-20
Whitestone REIT,http://www.whitestonereit.com,WSR,0.095,2018-09-19,2018-12-04,2018-12-03,2018-12-13
Wingstop Inc,http://www.wingstop.com,WING,0.09,2018-10-29,2018-12-04,2018-12-03,2018-12-18
Barnes Group Inc,http://www.barnesgroupinc.com,B,0.16,2018-10-18,2018-11-27,2018-11-26,2018-12-10
Carter's Inc,http://www.carters.com,CRI,0.45,2018-11-15,2018-11-27,2018-11-26,2018-12-14
Cott Corp,,BCB:CA,0.06,2018-11-07,2018-11-27,2018-11-26,2018-12-07
CRA International Inc,http://www.charlesriverassociates.com,CRAI,0.2,2018-11-01,2018-11-27,2018-11-26,2018-12-21
Deswell Industries Inc,http://www.deswell.com,DSWL,0.06,2018-11-15,2018-11-27,2018-11-26,2018-12-18
Educational Development Corp,http://www.edcpub.com,EDUC,0.05,2018-10-16,2018-11-27,2018-11-26,2018-12-13
Entercom Communications Corp,http://www.entercom.com,ETM,0.09,2018-11-12,2018-11-27,2018-11-26,2018-12-14
Green Plains Inc,http://www.gpreinc.com,GPRE,0.12,2018-11-14,2018-11-27,2018-11-26,2018-12-14
Investment Technology Group Inc,http://www.itg.com,ITG,0.07,2018-11-15,2018-11-27,2018-11-26,2018-12-17
Johnson & Johnson,http://www.jnj.com,JNJ,0.9,2018-10-18,2018-11-27,2018-11-26,2018-12-11
KeyCorp,http://www.key.com,KEY,0.17,2018-11-15,2018-11-27,2018-11-26,2018-12-14
Navios Maritime Acquisition Corp,http://www.navios-acquisition.com,NNA,0.02,2018-11-06,2018-11-27,2018-11-26,2018-12-05
Skyworks Solutions Inc,http://www.skyworksinc.com,SWKS,0.38,2018-11-08,2018-11-27,2018-11-26,2018-12-18
Spectrum Brands Holdings Inc,http://www.spectrumbrands.com,SPB,0.42,2018-11-13,2018-11-27,2018-11-26,2018-12-18
Universal Insurance Holdings Inc,http://www.universalinsuranceholdings.com,UVE,0.16,2018-11-16,2018-11-27,2018-11-26,2018-12-04
Universal Insurance Holdings Inc,http://www.universalinsuranceholdings.com,UVE,0.13,2018-11-16,2018-11-27,2018-11-26,2018-12-04
Westlake Chemical Corp,http://www.westlake.com,WLK,0.25,2018-11-16,2018-11-27,2018-11-26,2018-12-11
Yum China Holdings Inc,http://www.yumchina.com,YUMC,0.12,2018-10-30,2018-11-27,2018-11-26,2018-12-18
ACCO Brands Corp,http://www.accobrands.com,ACCO,0.06,2018-10-30,2018-11-30,2018-11-29,2018-12-19
ACNB Corp,http://www.acnb.com,ACNB,0.23,2018-10-29,2018-11-30,2018-11-29,2018-12-14
Acushnet Holdings Corp,http://www.acushnetholdingscorp.com,GOLF,0.13,2018-11-02,2018-11-30,2018-11-29,2018-12-14
Advanced Drainage Systems Inc,http://www.ads-pipe.com,WMS,0.08,2018-11-08,2018-11-30,2018-11-29,2018-12-14
Ag Growth International Inc,,AFN:CA,0.2,2018-08-09,2018-11-30,2018-11-29,2018-12-14
Agellan Commercial Real Investment Trust,,ACR_UN:CA,0.0675,2018-11-22,2018-11-30,2018-11-29,2018-12-17
AGNC Investment Corp,http://www.agnc.com,AGNC,0.18,2018-11-09,2018-11-30,2018-11-29,2018-12-10
Agnico Eagle Mines Ltd,,AEM:CA,0.11,2018-02-14,2018-11-30,2018-11-29,2018-12-14
Aircastle Ltd,http://www.aircastle.com,AYR,0.3,2018-11-01,2018-11-30,2018-11-29,2018-12-14
Alaris Royalty Corp,,AD:CA,0.1375,2018-11-19,2018-11-30,2018-11-29,2018-12-17
Allied Properties Real Estate Investment Trust,,AP_UN:CA,0.13,2018-11-15,2018-11-30,2018-11-29,2018-12-17
Allstate Corp,http://www.allstate.com,ALL,0.46,2018-11-16,2018-11-30,2018-11-29,2019-01-02
AltaGas Canada Inc,,ACI:CA,0.1744,2018-10-31,2018-11-30,2018-11-29,2018-12-31
American Core Sectors Dividend Fund,,ACZ_UN:CA,0.04583,2018-10-19,2018-11-30,2018-11-29,2018-12-14
American Hotel Income Properties REIT LP,,HOT_U:CA,0.054,2018-11-15,2018-11-30,2018-11-29,2018-12-14
ARC Resources Ltd,,ARX:CA,0.05,2018-11-15,2018-11-30,2018-11-29,2018-12-17
Arch Coal Inc,http://www.archcoal.com,ARCH,0.4,2018-10-23,2018-11-30,2018-11-29,2018-12-14
Argo Group International Holdings Ltd,http://www.argolimited.com,ARGO,0.27,2018-11-06,2018-11-30,2018-11-29,2018-12-14
Arrow Financial Corp,http://www.arrowfinancial.com,AROW,0.26,2018-10-31,2018-11-30,2018-11-29,2018-12-14
Artis Real Estate Investment Trust,,AX_UN:CA,0.045,2018-11-15,2018-11-30,2018-11-29,2018-12-14
Atlantica Yield PLC,http://www.atlanticayield.com,AY,0.36,2018-11-12,2018-11-30,2018-11-29,2018-12-14
Atrium Mortgage Investment Corp,,AI:CA,0.075,2018-11-01,2018-11-30,2018-11-29,2018-12-12
Australian REIT Income Fund,,HRR_UN:CA,0.055,2018-11-07,2018-11-30,2018-11-29,2018-12-10
AutoCanada Inc,,ACQ:CA,0.1,2018-11-14,2018-11-30,2018-11-29,2018-12-15
Automotive Finco Corp,,AFCC:CA,0.0171,2018-11-19,2018-11-30,2018-11-29,2018-12-31
Automotive Properties Real Estate Investment Trust,,APR_UN:CA,0.067,2018-11-15,2018-11-30,2018-11-29,2018-12-17
Avista Corp,http://www.avistacorp.com,AVA,0.3725,2018-11-20,2018-11-30,2018-11-29,2018-12-14
Badger Daylighting Ltd,,BAD:CA,0.045,2018-11-15,2018-11-30,2018-11-29,2018-12-14
Badger Meter Inc,http://www.badgermeter.com,BMI,0.15,2018-11-09,2018-11-30,2018-11-29,2018-12-14
Bank of Hawaii Corp,http://www.boh.com,BOH,0.62,2018-10-22,2018-11-30,2018-11-29,2018-12-14
Bank of the James,http://www.bankofthejames.bank,BOTJ,0.06,2018-10-19,2018-11-30,2018-11-29,2018-12-14
Barrick Gold Corp,,ABX:CA,0.03,2018-10-24,2018-11-30,2018-11-29,2018-12-17
Big 5 Sporting Goods Corp,http://www.big5sportinggoods.com,BGFV,0.05,2018-10-30,2018-11-30,2018-11-29,2018-12-14
Big 8 Split Inc,,BIG_D:CA,0.6,2018-11-22,2018-11-30,2018-11-29,2018-12-14
Bird Construction Inc,,BDT:CA,0.0325,2018-11-07,2018-11-30,2018-11-29,2018-12-20
Bloom Select Income Fund,,BLB_UN:CA,0.041666,2018-08-02,2018-11-30,2018-11-29,2018-12-17
Bloom U.S. Income & Growth Fund,,BUA_UN:CA,0.05,2018-08-02,2018-11-30,2018-11-29,2018-12-17
Blue Ribbon Income Fund,,RBN_UN:CA,0.05,2018-10-24,2018-11-30,2018-11-29,2018-12-14
Boardwalk Real Estate Investment Trust,,BEI_UN:CA,0.0834,2018-11-14,2018-11-30,2018-11-29,2018-12-17
Boralex Inc,,BLX:CA,0.165,2018-11-09,2018-11-30,2018-11-29,2018-12-17
Boyd Group Income Fund,,BYD_UN:CA,0.045,2018-11-16,2018-11-30,2018-11-29,2018-12-21
Brand Leaders Income Fund,,HBL_UN:CA,0.065,2018-11-07,2018-11-30,2018-11-29,2018-12-10
Brookfield Asset Management Inc,,BAM_A:CA,0.15,2018-11-08,2018-11-30,2018-11-29,2018-12-31
Brookfield Business Partners LP,,BBU_UN:CA,0.0625,2018-11-02,2018-11-30,2018-11-29,2018-12-31
Brookfield Infrastructure Partners LP,http://www.brookfieldinfrastructure.com,BIP,0.47,2018-11-02,2018-11-30,2018-11-29,2018-12-31
Brookfield Property Partners LP,http://bpy.brookfield.com,BPY,0.315,2018-11-01,2018-11-30,2018-11-29,2018-12-31
Brookfield Real Estate Services Inc,,BRE:CA,0.1125,2018-11-07,2018-11-30,2018-11-29,2018-12-31
Brookfield Renewable Partners LP,,BEP_UN:CA,0.49,2018-04-06,2018-11-30,2018-11-29,2018-12-31
BSR Real Estate Investment Trust,,HOM_U:CA,0.0417,2018-11-15,2018-11-30,2018-11-29,2018-12-17
BTB Real Estate Investment Trust,,BTB_UN:CA,0.035,2018-11-15,2018-11-30,2018-11-29,2018-12-17
Cabot Corp,http://www.cabotcorp.com,CBT,0.33,2018-11-09,2018-11-30,2018-11-29,2018-12-14
Cameco Corp,,CCO:CA,0.08,2017-11-08,2018-11-30,2018-11-29,2018-12-14
Canaccord Genuity Group Inc,,CF:CA,0.01,2018-11-13,2018-11-30,2018-11-29,2018-12-10
Canadian Apartment Properties Real Estate Investment Trust,,CAR_UN:CA,0.11083,2018-11-15,2018-11-30,2018-11-29,2018-12-17
Canadian Banc Corp,,BK:CA,0.09208,2018-11-20,2018-11-30,2018-11-29,2018-12-10
Canadian General Investments Ltd,,CGI:CA,0.19,2018-10-17,2018-11-30,2018-11-29,2018-12-15
Canadian High Income Equity Fund,,CIQ_UN:CA,0.05,2018-10-24,2018-11-30,2018-11-29,2018-12-14
Canadian Preferred Securities Trust,,PFT_UN:CA,0.0333,2018-09-17,2018-11-30,2018-11-29,2018-12-14
Canso Credit Income Fund,,PBY_UN:CA,0.04166,2018-09-13,2018-11-30,2018-11-29,2018-12-17
Cardinal Energy Ltd,,CJ:CA,0.035,2018-11-13,2018-11-30,2018-11-29,2018-12-17
Caribbean Utilities Company Ltd,,CUP_U:CA,0.175,2018-11-07,2018-12-01,2018-11-29,2018-12-15
CatchMark Timber Trust Inc,http://www.catchmark.com,CTT,0.135,2018-11-01,2018-11-30,2018-11-29,2018-12-13
Cboe Global Markets Inc,http://www.cboe.com,CBOE,0.31,2018-10-30,2018-11-30,2018-11-29,2018-12-14
Central Pacific Financial Corp,http://www.centralpacificbank.com,CPF,0.21,2018-10-24,2018-11-30,2018-11-29,2018-12-17
CES Energy Solutions Corp,,CEU:CA,0.005,2018-11-08,2018-11-30,2018-11-29,2018-12-14
Chartwell Retirement Residences,,CSH_UN:CA,0.049,2018-11-15,2018-11-30,2018-11-29,2018-12-17
Chatham Lodging Trust,http://www.chathamlodgingtrust.com,CLDT,0.11,2018-11-09,2018-11-30,2018-11-29,2018-12-28
Chemtrade Logistics Income Fund,,CHE_UN:CA,0.1,2018-11-21,2018-11-30,2018-11-29,2018-12-31
Chesswood Group Ltd,,CHW:CA,0.07,2018-11-21,2018-11-30,2018-11-29,2018-12-17
Choice Properties Real Estate Investment Trust,,CHP_UN:CA,0.061667,2018-11-15,2018-11-30,2018-11-29,2018-12-17
Chorus Aviation Inc,,CHR:CA,0.04,2018-11-21,2018-11-30,2018-11-29,2018-12-18
Cineplex Inc,,CGX:CA,0.145,2018-11-20,2018-11-30,2018-11-29,2018-12-31
Citadel Income Fund,,CTF_UN:CA,0.01,2018-01-12,2018-11-30,2018-11-29,2018-12-17
CNB Financial Corp,http://www.cnbbank.bank,CCNE,0.17,2018-11-13,2018-11-30,2018-11-29,2018-12-14
Coca-Cola Co,http://www.coca-colacompany.com,KO,0.39,2018-10-18,2018-11-30,2018-11-29,2018-12-14
Colony Credit Real Estate Inc,http://www.clncredit.com,CLNC,0.145,2018-11-06,2018-11-30,2018-11-29,2018-12-10
Cominar REIT,,CUF_UN:CA,0.06,2018-11-15,2018-11-30,2018-11-29,2018-12-17
Commerce Bancshares Inc,http://www.commercebank.com,CBSH,0.235,2018-10-26,2018-11-30,2018-11-29,2018-12-17
Copa Holdings SA,http://copa.gcs-web.com/#,CPA,0.87,2018-11-14,2018-11-30,2018-11-29,2018-12-14
Coty Inc,http://www.coty.com,COTY,0.125,2018-11-07,2018-11-30,2018-11-29,2018-12-14
Crane Co,http://www.craneco.com,CR,0.35,2018-10-22,2018-11-30,2018-11-29,2018-12-10
Crescent Point Energy Corp,,CPG:CA,0.03,2018-11-15,2018-11-30,2018-11-29,2018-12-17
Crius Energy Trust,,KWH_UN:CA,0.0697,2018-10-10,2018-11-30,2018-11-29,2018-12-17
Crombie Real Estate Investment Trust,,CRR_UN:CA,0.07417,2018-11-20,2018-11-30,2018-11-29,2018-12-14
Cross Timbers Royalty Trust,http://www.crt-crosstimbers.com,CRT,0.144509,2018-11-19,2018-11-30,2018-11-29,2018-12-14
CSS Industries Inc,http://www.cssindustries.com,CSS,0.2,2018-10-31,2018-11-30,2018-11-29,2018-12-14
CSX Corp,http://www.csx.com,CSX,0.22,2018-10-03,2018-11-30,2018-11-29,2018-12-14
CT Real Estate Investment Trust,,CRT_UN:CA,0.06067,2018-11-15,2018-11-30,2018-11-29,2018-12-17
Cullen/Frost Bankers Inc,http://www.frostbank.com,CFR,0.67,2018-10-31,2018-11-30,2018-11-29,2018-12-14
Curtiss-Wright Corp,http://www.curtisswright.com,CW,0.15,2018-11-15,2018-11-30,2018-11-29,2018-12-07
Decisive Dividend Corp,,DE:CA,0.03,2018-11-20,2018-11-30,2018-11-29,2018-12-14
Dividend 15 Split Corp,,DFN:CA,0.1,2018-11-20,2018-11-30,2018-11-29,2018-12-10
Dividend Select 15 Corp,,DS:CA,0.05883,2018-11-20,2018-11-30,2018-11-29,2018-12-10
DoubleLine Income Solutions Trust,,DSL_UN:CA,0.05417,2018-11-12,2018-11-30,2018-11-29,2018-12-04
Dover Corp,http://www.dovercorporation.com,DOV,0.48,2018-11-01,2018-11-30,2018-11-29,2018-12-17
DowDuPont Inc,http://www.dow-dupont.com,DWDP,0.38,2018-10-11,2018-11-30,2018-11-29,2018-12-14
Dream Global REIT,,DRG_UN:CA,0.06667,2018-11-20,2018-11-30,2018-11-29,2018-12-14
Dream Hard Asset Alternatives Trust,,DRA_UN:CA,0.03333,2018-11-20,2018-11-30,2018-11-29,2018-12-14
Dream Industrial Real Estate Investment Trust,,DIR_UN:CA,0.05833,2018-11-20,2018-11-30,2018-11-29,2018-12-14
Dream Office Real Estate Investment Trust,,D_UN:CA,0.08333,2018-11-20,2018-11-30,2018-11-29,2018-12-14
E Split Corp,,ENS:CA,0.1,2018-10-19,2018-11-30,2018-11-29,2018-12-14
East Coast Investment Grade Income Fund,,ECF_UN:CA,0.04,2018-10-16,2018-11-30,2018-11-29,2018-12-14
Eclipse Residential Mortgage Investment Corp,,ERM:CA,0.0625,2018-10-24,2018-11-30,2018-11-29,2018-12-14
Ellington Financial LLC,http://www.ellingtonfinancial.com,EFC,0.41,2018-10-31,2018-11-30,2018-11-29,2018-12-17
Energizer Holdings Inc,http://www.energizerholdings.com,ENR,0.3,2018-11-12,2018-11-30,2018-11-29,2018-12-13
Energy Income Fund,,ENI_UN:CA,0.01,2018-01-12,2018-11-30,2018-11-29,2018-12-17
EPR Properties,http://www.eprkc.com,EPR,0.36,2018-11-16,2018-11-30,2018-11-29,2018-12-17
Estee Lauder Companies Inc,http://www.elcompanies.com,EL,0.43,2018-10-31,2018-11-30,2018-11-29,2018-12-17
European Dividend Growth Fund,,EDGF_UN:CA,0.0416,2018-10-24,2018-11-30,2018-11-29,2018-12-14
European Focused Dividend Fund,,EF_UN:CA,0.05,2018-10-19,2018-11-30,2018-11-29,2018-12-14
Evercore Inc,http://www.evercore.com,EVR,0.5,2018-10-24,2018-11-30,2018-11-29,2018-12-14
Exchange Income Corp,,EIF:CA,0.1825,2018-11-16,2018-11-30,2018-11-29,2018-12-14
Extendicare Inc,,EXE:CA,0.04,2018-11-08,2018-11-30,2018-11-29,2018-12-17
FactSet Research Systems Inc,http://www.factset.com,FDS,0.64,2018-11-13,2018-11-30,2018-11-29,2018-12-18
Faircourt Gold Income Corp,,FGX:CA,0.024,2018-11-12,2018-11-30,2018-11-29,2018-12-14
Faircourt Split Trust,,FCS_UN:CA,0.06,2018-11-13,2018-11-30,2018-11-29,2018-12-06
Financial 15 Split Corp,,FTN:CA,0.1257,2018-11-20,2018-11-30,2018-11-29,2018-12-10
Firm Capital Mortgage Investment Corp,,FC:CA,0.078,2018-10-12,2018-11-30,2018-11-29,2018-12-17
Firm Capital Property Trust,,FCD_UN:CA,0.038333,2018-08-03,2018-11-30,2018-11-29,2018-12-14
First Bancorp,http://www.1firstbank.com,FBP,0.03,2018-11-14,2018-11-30,2018-11-29,2018-12-14
First Financial Northwest Inc,http://www.ffnwb.com,FFNW,0.08,2018-10-25,2018-11-30,2018-11-29,2018-12-14
First National Financial Corp,,FN:CA,1,2018-10-30,2018-11-30,2018-11-29,2018-12-17
First National Financial Corp,,FN:CA,0.158333,2018-11-15,2018-11-30,2018-11-29,2018-12-17
First Northwest Bancorp,http://www.ourfirstfed.com,FNWB,0.03,2018-10-30,2018-11-30,2018-11-29,2018-12-14
Flaherty & Crumrine Investment Grade Fixed Income Fund,,FFI_UN:CA,0.07,2018-10-24,2018-11-30,2018-11-29,2018-12-14
Flowers Foods Inc,http://www.flowersfoods.com,FLO,0.18,2018-11-16,2018-11-30,2018-11-29,2018-12-14
Fortive Corp,http://www.fortive.com,FTV,0.07,2018-11-08,2018-11-30,2018-11-29,2018-12-28
Fortune Brands Home & Security Inc,http://www.fbhs.com,FBHS,0.2,2018-09-24,2018-11-30,2018-11-29,2018-12-19
Freehold Royalties Ltd,,FRU:CA,0.0525,2018-11-14,2018-11-30,2018-11-29,2018-12-17
Gamehost Inc,,GH:CA,0.0575,2018-11-13,2018-11-30,2018-11-29,2018-12-14
Global Dividend Growers Income Fund,,GDG_UN:CA,0.055,2018-10-19,2018-11-30,2018-11-29,2018-12-14
Global Innovation Dividend Fund,,BL_UN:CA,0.033,2018-10-19,2018-11-30,2018-11-29,2018-12-14
Global Real Estate Dividend Growers Corp,,GRL:CA,0.05,2018-10-19,2018-11-30,2018-11-29,2018-12-14
Global Telecom & Utilities Income Fund,,HGI_UN:CA,0.06,2018-11-07,2018-11-30,2018-11-29,2018-12-10
Goldman Sachs Group Inc,http://www.goldmansachs.com,GS,0.8,2018-10-16,2018-11-30,2018-11-29,2018-12-28
GrafTech International Ltd,http://www.graftech.com,EAF,0.085,2018-11-02,2018-11-30,2018-11-29,2018-12-31
Granite Oil Corp,,GXO:CA,0.01,2018-11-22,2018-11-30,2018-11-29,2018-12-14
Granite Real Estate Investment Trust,,GRT_UN:CA,0.227,2018-11-16,2018-11-30,2018-11-29,2018-12-14
Great Elm Capital Corp,http://www.greatelmcc.com,GECC,0.083,2018-08-10,2018-11-30,2018-11-29,2018-12-14
Griffin Industrial Realty Inc,http://www.griffinindustrial.com,GRIF,0.45,2018-11-15,2018-11-30,2018-11-29,2018-12-07
Hamilton Beach Brands Holding Co,http://www.hamiltonbeachbrands.com,HBB,0.085,2018-11-06,2018-11-30,2018-11-29,2018-12-14
Herman Miller Inc,http://www.hermanmiller.com,MLHR,0.1975,2018-10-16,2018-12-01,2018-11-29,2019-01-15
High Arctic Energy Services Inc,,HWO:CA,0.0165,2018-11-21,2018-11-30,2018-11-29,2018-12-14
High Liner Foods Inc,,HLF:CA,0.145,2018-11-08,2018-12-01,2018-11-29,2018-12-15
Holloway Lodging Corp,,HLC:CA,0.035,2018-11-08,2018-11-30,2018-11-29,2018-12-14
Hubbell Inc,http://www.hubbell.com,HUBB,0.84,2018-10-19,2018-11-30,2018-11-29,2018-12-14
Huntington Ingalls Industries Inc,http://www.huntingtoningalls.com,HII,0.86,2018-11-07,2018-11-30,2018-11-29,2018-12-14
Hyster-Yale Materials Handling Inc,http://www.hyster-yale.com,HY,0.31,2018-11-14,2018-11-30,2018-11-29,2018-12-14
Income Financial Trust,,INC_UN:CA,0.10275,2018-11-20,2018-11-30,2018-11-29,2018-12-10
Inovalis Real Estate Investment Trust,,INO_UN:CA,0.06875,2018-11-20,2018-11-30,2018-11-29,2018-12-17
InterRent Real Estate Investment Trust,,IIP_UN:CA,0.024167,2018-11-20,2018-11-30,2018-11-29,2018-12-17
Investment Grade Infrastructure Bond Fund,,IFB_UN:CA,0.04166,2018-09-17,2018-11-30,2018-11-29,2018-12-14
Jamieson Wellness Inc,,JWEL:CA,0.09,2018-11-20,2018-11-30,2018-11-29,2018-12-14
K-Bro Linen Inc,,KBL:CA,0.1,2018-11-09,2018-11-30,2018-11-29,2018-12-14
Killam Apartment REIT,,KMP_UN:CA,0.05333,2018-11-16,2018-11-30,2018-11-29,2018-12-17
Kingstone Companies Inc,http://www.kingstonecompanies.com,KINS,0.1,2018-11-07,2018-11-30,2018-11-29,2018-12-14
Kinsale Capital Group Inc,http://www.kinsalecapitalgroup.com,KNSL,0.07,2018-11-15,2018-11-30,2018-11-29,2018-12-14
Manchester United PLC,http://www.manutd.com,MANU,0.09,2018-11-15,2018-11-30,2018-11-29,2019-01-04
Manulife Floating Rate Senior Loan Fund,,MFR_UN:CA,0.05625,2018-09-19,2018-11-30,2018-11-29,2018-12-14
Manulife U.S. Regional Bank Trust,,MBK_UN:CA,0.0416,2018-09-19,2018-11-30,2018-11-29,2018-12-14
Marine Petroleum Trust,http://www.marps-marine.com,MARPS,0.095933,2018-11-19,2018-11-30,2018-11-29,2018-12-28
Medical Facilities Corp,,DR:CA,0.09375,2018-11-21,2018-11-30,2018-11-29,2018-12-17
Melcor Real Estate Investment Trust,,MR_UN:CA,0.05625,2018-10-15,2018-11-30,2018-11-29,2018-12-17
Meredith Corp,http://www.meredith.com,MDP,0.545,2018-11-14,2018-11-30,2018-11-29,2018-12-14
Mesa Laboratories Inc,http://www.mesalabs.com,MLAB,0.16,2018-10-02,2018-11-30,2018-11-29,2018-12-17
Mesa Royalty Trust,http://thehamiltoncompany.com,MTR,0.0991557,2018-11-19,2018-11-30,2018-11-29,2019-01-31
MGE Energy Inc,http://www.mgeenergy.com,MGEE,0.3375,2018-10-19,2018-12-01,2018-11-29,2018-12-15
Middlefield Can-Global REIT Income Fund,,RCO_UN:CA,0.05416,2018-10-19,2018-11-30,2018-11-29,2018-12-14
Middlefield Healthcare & Life Sciences Dividend Fund,,LS_UN:CA,0.04167,2018-10-19,2018-11-30,2018-11-29,2018-12-14
Middlefield Healthcare & Wellness Dividend Fund,,HWF_UN:CA,0.04167,2018-10-19,2018-11-30,2018-11-29,2018-12-14
Midwestone Financial Group Inc,http://www.midwestone.com,MOFG,0.195,2018-10-17,2018-12-01,2018-11-29,2018-12-17
MINT Income Fund,,MID_UN:CA,0.04,2018-10-19,2018-11-30,2018-11-29,2018-12-14
Minto Apartment Real Estate Investment Trust,,MI_UN:CA,0.03416,2018-11-15,2018-11-30,2018-11-29,2018-12-14
Molson Coors Brewing Co,http://www.molsoncoors.com,TAP,0.41,2018-11-15,2018-11-30,2018-11-29,2018-12-17
Molson Coors Canada Inc,,TPX_B:CA,0.5413,2018-11-15,2018-11-30,2018-11-29,2018-12-17
Morguard North American Residential Real Estate Investment Trust,,MRG_UN:CA,0.0566,2018-11-15,2018-11-30,2018-11-29,2018-12-14
Morguard Real Estate Investment Trust,,MRT_UN:CA,0.08,2018-11-15,2018-11-30,2018-11-29,2018-12-14
Morneau Shepell Inc,,MSI:CA,0.065,2018-11-20,2018-11-30,2018-11-29,2018-12-17
Mullen Group Ltd,,MTL:CA,0.05,2018-11-21,2018-11-30,2018-11-29,2018-12-17
MVB Financial Corp,http://www.mvbbanking.com,MVBF,0.03,2018-11-21,2018-12-01,2018-11-29,2018-12-15
NACCO Industries Inc,http://www.nacco.com,NC,0.165,2018-11-07,2018-11-30,2018-11-29,2018-12-14
National Bank Holdings Corp,http://www.nationalbankholdings.com,NBHC,0.17,2018-11-07,2018-11-30,2018-11-29,2018-12-14
National Beverage Corp,http://www.nationalbeverage.com,FIZZ,2.9,2018-11-20,2018-11-30,2018-11-29,2019-01-29
Navigant Consulting Inc,http://www.navigant.com,NCI,0.05,2018-11-08,2018-11-30,2018-11-29,2018-12-14
Navigators Group Inc,http://www.navg.com,NAVG,0.07,2018-11-07,2018-11-30,2018-11-29,2018-12-21
NBT Bancorp Inc,http://www.nbtbancorp.com,NBTB,0.26,2018-10-22,2018-11-30,2018-11-29,2018-12-14
Nelnet Inc,http://www.nelnet.net,NNI,0.18,2018-11-08,2018-11-30,2018-11-29,2018-12-14
NetEase Inc,http://ir.netease.com,NTES,0.45,2018-11-15,2018-11-30,2018-11-29,2018-12-07
Newell Brands Inc,http://www.newellbrands.com,NWL,0.23,2018-11-09,2018-11-30,2018-11-29,2018-12-14
Nextera Energy Inc,http://www.nexteraenergy.com,NEE,1.11,2018-10-12,2018-11-30,2018-11-29,2018-12-17
Nexus Real Estate Investment Trust,,NXR_UN:CA,0.01333,2018-10-22,2018-11-30,2018-11-29,2018-12-14
Norbord Inc,,OSB:CA,0.6,2018-11-01,2018-12-01,2018-11-29,2018-12-21
North American Construction Group Ltd,,NOA:CA,0.02,2018-10-30,2018-11-30,2018-11-29,2019-01-04
North American Financial 15 Split Corp,,FFN:CA,0.1,2018-11-20,2018-11-30,2018-11-29,2018-12-10
North American Preferred Share Fund,,NPF_UN:CA,0.1146,2018-09-17,2018-11-30,2018-11-29,2018-12-14
Northland Power Inc,,NPI:CA,0.1,2018-11-07,2018-11-30,2018-11-29,2018-12-14
Northview Apartment REIT,,NVU_UN:CA,0.1358,2018-11-15,2018-11-30,2018-11-29,2018-12-17
NorthWest Healthcare Properties REIT,,NWH_UN:CA,0.06667,2018-11-19,2018-11-30,2018-11-29,2018-12-14
NU Skin Enterprises Inc,http://www.nuskinenterprises.com,NUS,0.365,2018-11-07,2018-11-30,2018-11-29,2018-12-12
NVIDIA Corp,http://www.nvidia.com,NVDA,0.16,2018-11-15,2018-11-30,2018-11-29,2018-12-21
Open Text Corp,,OTEX:CA,0.1518,2018-10-31,2018-11-30,2018-11-29,2018-12-20
Orchid Island Capital Inc,http://www.orchidislandcapital.com,ORC,0.08,2018-11-14,2018-11-30,2018-11-29,2018-12-10
Partners Real Estate Investment Trust,,PAR_UN:CA,0.015,2018-11-15,2018-11-30,2018-11-29,2018-12-17
Pathfinder Income Fund,,PCD_UN:CA,0.05,2018-10-19,2018-11-30,2018-11-29,2018-12-14
Peoples Financial Services Corp,http://www.psbt.com,PFIS,0.33,2018-10-26,2018-11-30,2018-11-29,2018-12-14
Permian Basin Royalty Trust,http://www.pbt-permian.com,PBT,0.049958,2018-11-19,2018-11-30,2018-11-29,2018-12-14
Permianville Royalty Trust,http://www.enduroroyaltytrust.com,PVL,0.037902,2018-11-19,2018-11-30,2018-11-29,2018-12-14
PermRock Royalty Trust,http://www.permrock.com,PRT,0.067419,2018-11-19,2018-11-30,2018-11-29,2018-12-14
Perrigo Company PLC,http://www.perrigo.com,PRGO,0.19,2018-10-31,2018-11-30,2018-11-29,2018-12-18
Peyto Exploration & Development Corp,,PEY:CA,0.06,2018-10-15,2018-11-30,2018-11-29,2018-12-14
Picton Mahoney Tactical Income Fund,,PMB_UN:CA,0.0365,2018-11-15,2018-11-30,2018-11-29,2018-12-21
Piedmont Office Realty Trust Inc,http://www.piedmontreit.com,PDM,0.21,2018-10-31,2018-11-30,2018-11-29,2019-01-03
PIMCO Global Income Opportunities Fund,,PGI_UN:CA,0.05688,2018-11-21,2018-11-30,2018-11-29,2018-12-14
Pinebridge Investment Grade Preferred Securities Fund,,PRF_UN:CA,0.125,2018-11-12,2018-11-30,2018-11-29,2018-12-04
Pizza Pizza Royalty Corp,,PZA:CA,0.0713,2018-11-19,2018-11-30,2018-11-29,2018-12-14
Plaza Retail REIT,,PLZ_UN:CA,0.02333,2018-11-15,2018-11-30,2018-11-29,2018-12-17
Power Integrations Inc,http://www.power.com,POWI,0.16,2018-10-25,2018-11-30,2018-11-29,2018-12-31
Prairiesky Royalty Ltd,,PSK:CA,0.065,2018-11-12,2018-11-30,2018-11-29,2018-12-17
Precious Metals And Mining Trust,,MMP_UN:CA,0.02,2018-11-15,2018-11-30,2018-11-29,2018-12-14
Prime Dividend Corp,,PDV:CA,0.05125,2018-11-20,2018-11-30,2018-11-29,2018-12-10
PRO Real Estate Investment Trust,,PRV_UN:CA,0.0175,2018-11-22,2018-11-30,2018-11-29,2018-12-17
Prospect Capital Corp,http://www.prospectstreet.com,PSEC,0.06,2018-11-06,2018-11-30,2018-11-29,2018-12-20
Pure Multi-Family REIT LP,,RUF_U:CA,0.03125,2018-11-20,2018-11-30,2018-11-29,2018-12-17
Real Asset Income and Growth Fund,,RAI_UN:CA,0.04167,2018-09-17,2018-11-30,2018-11-29,2018-12-14
Recipe Unlimited Corp,,RECP:CA,0.1068,2018-11-09,2018-11-30,2018-11-29,2018-12-14
REIT INDEXPLUS Income Fund,,IDR_UN:CA,0.065,2018-10-19,2018-11-30,2018-11-29,2018-12-14
Richards Packaging Income Fund,,RPI_UN:CA,0.11,2018-11-19,2018-11-30,2018-11-29,2018-12-14
Ridgewood Canadian Investment Grade Bond Fund,,RIB_UN:CA,0.053,2018-11-15,2018-11-30,2018-11-29,2018-12-14
RioCan Real Estate Investment Trust,,REI_UN:CA,0.12,2018-11-15,2018-11-30,2018-11-29,2018-12-07
RLI Corp,http://www.rlicorp.com,RLI,0.22,2018-11-08,2018-11-30,2018-11-29,2018-12-27
RLI Corp,http://www.rlicorp.com,RLI,1,2018-11-08,2018-11-30,2018-11-29,2018-12-27
Rocky Brands Inc,http://www.rockybrands.com,RCKY,0.12,2018-11-08,2018-11-30,2018-11-29,2018-12-14
San Juan Basin Royalty Trust,http://www.sjbrt.com,SJT,0.037385,2018-11-19,2018-11-30,2018-11-29,2018-12-14
Savaria Corp,,SIS:CA,0.035,2018-11-21,2018-11-30,2018-11-29,2018-12-14
Savings Bank,,SCIV,0.15,2018-10-29,2018-12-01,2018-11-29,2018-12-15
Savings Bank,,SCIV,0.7,2018-10-30,2018-12-01,2018-11-29,2018-12-15
Schweitzer-Mauduit International Inc,http://www.swmintl.com,SWM,0.44,2018-11-07,2018-11-30,2018-11-29,2018-12-21
Secure Energy Services Inc,,SES:CA,0.0225,2018-11-15,2018-12-01,2018-11-29,2018-12-17
Senior Secured Floating Rate Loan Fund,,FRL_UN:CA,0.054167,2018-09-17,2018-11-30,2018-11-29,2018-12-14
Sentry Select Primary Metals Corp,,PME:CA,0.025,2018-11-15,2018-11-30,2018-11-29,2018-12-14
Sienna Senior Living Inc,,SIA:CA,0.0765,2018-11-15,2018-11-30,2018-11-29,2018-12-14
Sinclair Broadcast Group Inc,http://www.sbgi.net,SBGI,0.2,2018-11-07,2018-11-30,2018-11-29,2018-12-17
Skylon Growth and Income Trust,,SKG_UN:CA,0.05833,2018-11-21,2018-11-30,2018-11-29,2018-12-14
Slate Office REIT,,SOT_UN:CA,0.0625,2018-11-16,2018-11-30,2018-11-29,2018-12-17
Slate Retail REIT,,SRT_U:CA,0.07,2018-11-15,2018-11-30,2018-11-29,2018-12-17
SmartCentres Real Estate Investment Trust,,SRU_UN:CA,0.15,2018-11-19,2018-11-30,2018-11-29,2018-12-17
Spark Energy Inc,http://www.sparkenergy.com,SPKE,0.18125,2018-10-18,2018-11-30,2018-11-29,2018-12-14
SS&C Technologies Holdings Inc,http://www.ssctech.com,SSNC,0.08,2018-11-20,2018-12-01,2018-11-29,2018-12-17
STAG Industrial Inc,http://www.stagindustrial.com,STAG,0.118333,2018-10-10,2018-11-30,2018-11-29,2018-12-17
Stanley Black & Decker Inc,http://www.stanleyblackanddecker.com,SWK,0.66,2018-10-18,2018-11-30,2018-11-29,2018-12-18
Starlight US Multi Family No 5 Core Fund,,STUS_A:CA,0.05417,2018-11-15,2018-11-30,2018-11-29,2018-12-17
Stellus Capital Investment Corp,http://www.stelluscapital.com,SCM,0.1133,2018-10-17,2018-11-30,2018-11-29,2018-12-14
Stepan Co,http://www.stepan.com,SCL,0.25,2018-10-24,2018-11-30,2018-11-29,2018-12-14
Stingray Digital Group Inc,,RAY_A:CA,0.06,2018-11-07,2018-11-30,2018-11-29,2018-12-14
Summit Industrial Income REIT,,SMU_UN:CA,0.043,2018-11-15,2018-11-30,2018-11-29,2018-12-14
SunTrust Banks Inc,http://www.suntrust.com,STI,0.5,2018-11-14,2018-11-30,2018-11-29,2018-12-17
Superior Plus Corp,,SPB:CA,0.06,2018-11-07,2018-11-30,2018-11-29,2018-12-14
Surge Energy Inc,,SGY:CA,0.008333,2018-11-15,2018-11-30,2018-11-29,2018-12-17
Sylogist Ltd,,SYZ:CA,0.095,2018-11-15,2018-11-30,2018-11-29,2018-12-12
Symphony Floating Rate Senior Loan Fund,,SSF_UN:CA,0.05,2018-10-24,2018-11-30,2018-11-29,2018-12-14
Synalloy Corp,http://www.synalloy.com,SYNL,0.25,2018-11-16,2018-11-30,2018-11-29,2018-12-12
Taylor North American Equity Opportunities Fund,,TOF_UN:CA,0.052,2018-10-24,2018-11-30,2018-11-29,2018-12-14
TDb Split Corp,,XTD:CA,0.05,2018-11-20,2018-11-30,2018-11-29,2018-12-10
Tennant Co,http://www.tennantco.com,TNC,0.22,2018-11-09,2018-11-30,2018-11-29,2018-12-14
Tetra Tech Inc,http://www.tetratech.com,TTEK,0.12,2018-11-07,2018-11-30,2018-11-29,2018-12-14
Top 20 US Dividend Trust,,TUT_UN:CA,0.0417,2018-10-18,2018-11-30,2018-11-29,2018-12-14
TORC Oil & Gas Ltd,,TOG:CA,0.022,2018-11-15,2018-11-30,2018-11-29,2018-12-17
TPG Specialty Lending Inc,http://www.tpgspecialtylending.com,TSLX,0.05,2018-11-06,2018-11-30,2018-11-29,2018-12-31
Triplepoint Venture Growth BDC Corp,http://www.tpvg.com,TPVG,0.36,2018-11-02,2018-11-30,2018-11-29,2018-12-14
Triumph Group Inc,http://www.triumphgroup.com,TGI,0.04,2018-11-15,2018-11-30,2018-11-29,2018-12-15
True North Commercial REIT,,TNT_UN:CA,0.0495,2018-11-15,2018-11-30,2018-11-29,2018-12-17
Trustmark Corp,http://www.trustmark.com,TRMK,0.23,2018-10-23,2018-12-01,2018-11-29,2018-12-15
Tsakos Energy Navigation Ltd,http://www.tenn.gr,TNP,0.05,2018-09-07,2018-11-30,2018-11-29,2018-12-06
TWC Enterprises Ltd,,TWC:CA,0.02,2018-11-05,2018-11-30,2018-11-29,2018-12-14
Tyson Foods Inc,http://www.tysonfoods.com,TSN,0.375,2018-08-09,2018-11-30,2018-11-29,2018-12-14
Union Pacific Corp,http://www.up.com,UNP,0.8,2018-11-15,2018-11-30,2018-11-29,2018-12-28
Unique Fabricating Inc,http://www.uniquefab.com,UFAB,0.15,2018-11-09,2018-11-30,2018-11-29,2018-12-07
United Bancshares Inc,http://www.theubank.com,UBOH,0.12,2018-10-22,2018-11-30,2018-11-29,2018-12-17
United Fire Group Inc,http://www.ufginsurance.com,UFCS,0.31,2018-11-16,2018-11-30,2018-11-29,2018-12-14
Universal Forest Products Inc,http://www.ufpi.com,UFPI,0.18,2018-10-17,2018-12-01,2018-11-29,2018-12-15
Valvoline Inc,http://www.valvoline.com,VVV,0.106,2018-11-19,2018-11-30,2018-11-29,2018-12-17
Vermilion Energy Inc,,VET:CA,0.23,2018-11-15,2018-11-30,2018-11-29,2018-12-17
Virtu Financial Inc,http://www.virtu.com,VIRT,0.24,2018-11-07,2018-11-30,2018-11-29,2018-12-14
Voya Financial Inc,http://www.voya.com,VOYA,0.01,2018-10-25,2018-11-30,2018-11-29,2018-12-27
Waste Management Inc,http://www.wm.com,WM,0.465,2018-11-12,2018-11-30,2018-11-29,2018-12-14
Watts Water Technologies Inc,http://www.wattswater.com,WTS,0.21,2018-11-02,2018-11-30,2018-11-29,2018-12-14
Western Forest Products Inc,,WEF:CA,0.0225,2018-11-07,2018-11-30,2018-11-29,2018-12-14
Weyerhaeuser Co,http://www.weyerhaeuser.com,WY,0.34,2018-11-10,2018-11-30,2018-11-29,2018-12-21
Wheaton Precious Metals Corp,,WPM:CA,0.09,2018-11-14,2018-11-30,2018-11-29,2018-12-13
Whitecap Resources Inc,,WCP:CA,0.027,2018-11-15,2018-11-30,2018-11-29,2018-12-17
WPT Industrial Real Estate Investment Trust,,WIR_U:CA,0.0633,2018-11-19,2018-11-30,2018-11-29,2018-12-17
Abercrombie & Fitch Co,http://www.abercrombie.com,ANF,0.2,2018-11-21,2018-12-07,2018-12-06,2018-12-17
Adams Resources & Energy Inc,http://www.adamsresources.com,AE,0.22,2018-11-07,2018-12-07,2018-12-06,2018-12-21
American National Bankshares Inc,http://www.amnb.com,AMNB,0.25,2018-11-21,2018-12-07,2018-12-06,2018-12-21
American National Insurance Co,http://www.americannational.com,ANAT,0.82,2018-10-25,2018-12-07,2018-12-06,2018-12-21
Ametek Inc,http://www.ametek.com,AME,0.14,2018-11-12,2018-12-07,2018-12-06,2018-12-21
Arthur J Gallagher & Co,http://www.ajg.com,AJG,0.41,2018-10-24,2018-12-07,2018-12-06,2018-12-21
Atco Ltd,,ACO_X:CA,0.3766,2018-10-11,2018-12-07,2018-12-06,2018-12-31
Bank of America Corp,http://www.bankofamerica.com,BAC,0.15,2018-10-24,2018-12-07,2018-12-06,2018-12-28
BlackRock Inc,http://www.blackrock.com,BLK,3.13,2018-11-19,2018-12-07,2018-12-06,2018-12-26
Brinker International Inc,http://www.brinker.com,EAT,0.38,2018-10-30,2018-12-07,2018-12-06,2018-12-27
Brooks Automation Inc,http://www.brooks.com,BRKS,0.1,2018-11-19,2018-12-07,2018-12-06,2018-12-20
Canadian National Railway Co,,CNR:CA,0.455,2018-10-23,2018-12-07,2018-12-06,2018-12-28
CCL Industries Inc,,CCL_B:CA,0.13,2018-11-06,2018-12-07,2018-12-06,2018-12-21
Chemical Financial Corp,http://www.chemicalbank.com,CHFC,0.34,2018-10-23,2018-12-07,2018-12-06,2018-12-21
Churchill Downs Inc,http://www.churchilldownsincorporated.com,CHDN,1.63,2018-10-31,2018-12-07,2018-12-06,2019-01-04
Citrix Systems Inc,http://www.citrix.com,CTXS,0.35,2018-10-24,2018-12-07,2018-12-06,2018-12-21
Dominion Energy Inc,http://www.dominionenergy.com,D,0.835,2018-10-31,2018-12-07,2018-12-06,2018-12-20
Elmira Savings Bank,http://www.elmirasavingsbank.com,ESBK,0.23,2018-11-21,2018-12-07,2018-12-06,2018-12-14
Exponent Inc,http://www.exponent.com,EXPO,0.13,2018-10-18,2018-12-07,2018-12-06,2018-12-21
Fidus Investment Corp,http://www.fdus.com,FDUS,0.39,2018-11-01,2018-12-07,2018-12-06,2018-12-21
Fidus Investment Corp,http://www.fdus.com,FDUS,0.04,2018-11-01,2018-12-07,2018-12-06,2018-12-21
First Merchants Corp,http://www.firstmerchants.com,FRME,0.22,2018-11-07,2018-12-07,2018-12-06,2018-12-21
First US Bancshares Inc,http://www.firstusbank.com,FUSB,0.02,2018-11-16,2018-12-07,2018-12-06,2019-01-02
Flushing Financial Corp,http://www.flushingbank.com,FFIC,0.2,2018-11-20,2018-12-07,2018-12-06,2018-12-28
Garrison Capital Inc,http://www.garrisoncapitalbdc.com,GARS,0.23,2018-11-07,2018-12-07,2018-12-06,2018-12-21
General Motors Co,http://www.gm.com,GM,0.38,2018-10-30,2018-12-07,2018-12-06,2018-12-20
Genuine Parts Co,http://www.genpt.com,GPC,0.72,2018-11-19,2018-12-07,2018-12-06,2019-01-02
ICF International Inc,http://www.icf.com,ICFI,0.14,2018-11-01,2018-12-07,2018-12-06,2019-01-16
Ingersoll-Rand PLC,http://www.company.ingersollrand.com,IR,0.53,2018-10-03,2018-12-07,2018-12-06,2018-12-31
ITT Inc,http://www.itt.com,ITT,0.134,2018-10-16,2018-12-07,2018-12-06,2018-12-28
Kforce Inc,http://www.kforce.com,KFRC,0.18,2018-10-31,2018-12-07,2018-12-06,2018-12-21
Kimberly-Clark Corp,http://www.kimberly-clark.com,KMB,1,2018-11-15,2018-12-07,2018-12-06,2019-01-03
Lancaster Colony Corp,http://www.lancastercolony.com,LANC,0.65,2018-11-14,2018-12-07,2018-12-06,2018-12-28
Lear Corp,http://www.lear.com,LEA,0.7,2018-11-15,2018-12-07,2018-12-06,2018-12-26
Leon's Furniture Ltd,,LNF:CA,0.14,2018-11-14,2018-12-07,2018-12-06,2019-01-07
Lucara Diamond Corp,,LUC:CA,0.025,2018-11-09,2018-12-07,2018-12-06,2018-12-20
Lundin Mining Corp,,LUN:CA,0.03,2018-10-24,2018-12-07,2018-12-06,2018-12-19
ManTech International Corp,http://www.mantech.com,MANT,0.25,2018-11-01,2018-12-07,2018-12-06,2018-12-21
Maple Leaf Foods Inc,,MFI:CA,0.13,2018-10-25,2018-12-07,2018-12-06,2018-12-28
Mercantile Bank Corp,http://www.mercbank.com,MBWM,0.25,2018-10-16,2018-12-07,2018-12-06,2018-12-19
Mercantile Bank Corp,http://www.mercbank.com,MBWM,0.75,2018-10-16,2018-12-07,2018-12-06,2018-12-19
Mueller Industries Inc,http://www.muellerindustries.com,MLI,0.1,2018-11-09,2018-12-07,2018-12-06,2018-12-21
Myers Industries Inc,http://www.myersindustries.com,MYE,0.135,2018-11-05,2018-12-07,2018-12-06,2019-01-03
National Oilwell Varco Inc,http://www.natoil.com,NOV,0.05,2018-11-13,2018-12-07,2018-12-06,2018-12-21
Navient Corp,http://www.navient.com,NAVI,0.16,2018-11-12,2018-12-07,2018-12-06,2018-12-21
New Senior Investment Group Inc,http://www.newseniorinv.com,SNR,0.13,2018-11-01,2018-12-07,2018-12-06,2018-12-21
Oritani Financial Corp,http://www.oritani.com,ORIT,0.15,2018-11-20,2018-12-07,2018-12-06,2018-12-21
OUTFRONT Media Inc,http://www.outfrontmedia.com,OUT,0.36,2018-10-23,2018-12-07,2018-12-06,2018-12-31
PepsiCo Inc,http://www.pepsico.com,PEP,0.9275,2018-11-15,2018-12-07,2018-12-06,2019-01-07
Prudential Bancorp Inc,http://www.psbanker.com,PBIP,0.05,2018-11-19,2018-12-07,2018-12-06,2018-12-21
Public Service Enterprise Group Inc,http://www.pseg.com,PEG,0.45,2018-11-20,2018-12-07,2018-12-06,2018-12-31
Regions Financial Corp,http://www.regions.com,RF,0.14,2018-10-18,2018-12-07,2018-12-06,2019-01-02
Ross Stores Inc,http://www.rossstores.com,ROST,0.225,2018-11-19,2018-12-07,2018-12-06,2018-12-28
Sealed Air Corp,http://www.sealedair.com,SEE,0.16,2018-10-04,2018-12-07,2018-12-06,2018-12-21
State Auto Financial Corp,http://www.StateAuto.com,STFC,0.1,2018-11-09,2018-12-07,2018-12-06,2018-12-28
Tapestry Inc,http://www.coach.com,TPR,0.3375,2018-11-15,2018-12-07,2018-12-06,2018-12-31
Tegna Inc,http://www.tegna.com,TGNA,0.07,2018-10-25,2018-12-07,2018-12-06,2019-01-02
Toromont Industries Ltd,,TIH:CA,0.23,2018-11-05,2018-12-07,2018-12-06,2019-01-03
TrustCo Bank Corp N Y,http://www.trustcobank.com,TRST,0.068125,2018-11-19,2018-12-07,2018-12-06,2019-01-02
UniFirst Corp,http://www.unifirst.com,UNF,0.1125,2018-10-22,2018-12-07,2018-12-06,2019-01-04
Walmart Inc,http://www.stock.walmart.com,WMT,0.52,2018-02-20,2018-12-07,2018-12-06,2019-01-02
Weingarten Realty Investors,http://www.weingarten.com,WRI,0.395,2018-10-24,2018-12-07,2018-12-06,2018-12-14
Westwood Holdings Group Inc,http://www.westwoodgroup.com,WHG,0.72,2018-10-25,2018-12-07,2018-12-06,2019-01-02
AltaGas Ltd,,ALA:CA,0.1825,2018-10-30,2018-11-26,2018-11-23,2018-12-17
Aramark,http://www.aramark.com,ARMK,0.11,2018-11-13,2018-11-26,2018-11-23,2018-12-06
Assurant Inc,http://www.assurant.com,AIZ,0.6,2018-11-09,2018-11-26,2018-11-23,2018-12-17
Atmos Energy Corp,http://www.atmosenergy.com,ATO,0.525,2018-11-07,2018-11-26,2018-11-23,2018-12-10
Axa Equitable Holdings Inc,http://www.axaequitableholdings.com,EQH,0.13,2018-11-12,2018-11-26,2018-11-23,2018-12-03
Caldwell Partners International Inc,,CWL:CA,0.0225,2018-11-13,2018-11-26,2018-11-23,2018-12-14
CDW Corp,http://www.cdw.com,CDW,0.295,2018-10-31,2018-11-26,2018-11-23,2018-12-10
Central Bancompany Inc,,CBCY,1.25,2018-11-14,2018-11-26,2018-11-23,2018-12-03
Central Bancompany Inc,,CBCY,2,2018-11-14,2018-11-26,2018-11-23,2018-12-03
CenturyLink Inc,http://www.centurylink.com,CTL,0.54,2018-11-14,2018-11-26,2018-11-23,2018-12-07
D.R. Horton Inc,http://www.drhorton.com,DHI,0.15,2018-11-08,2018-11-26,2018-11-23,2018-12-10
Dunkin' Brands Group Inc,http://www.dunkinbrands.com,DNKN,0.3475,2018-10-25,2018-11-26,2018-11-23,2018-12-05
First Hawaiian Inc,http://www.fhb.com,FHB,0.24,2018-10-25,2018-11-26,2018-11-23,2018-12-07
Gluskin Sheff + Associates Inc,,GS:CA,0.25,2018-11-14,2018-11-26,2018-11-23,2018-12-05
Husky Energy Inc,,HSE:CA,0.125,2018-10-25,2018-11-26,2018-11-23,2019-01-02
LCI Industries,http://www.lci1.com,LCII,0.6,2018-11-15,2018-11-26,2018-11-23,2018-12-07
Marcus Corp,http://www.marcuscorp.com,MCS,0.15,2018-11-01,2018-11-26,2018-11-23,2018-12-17
Matthews International Corp,http://www.matw.com,MATW,0.2,2018-11-15,2018-11-26,2018-11-23,2018-12-10
Minerals Technologies Inc,http://www.mineralstech.com,MTX,0.05,2018-10-24,2018-11-26,2018-11-23,2018-12-07
MKS Instruments Inc,http://www.mksinst.com,MKSI,0.2,2018-10-30,2018-11-26,2018-11-23,2018-12-07
National Bankshares Inc,http://www.nationalbankshares.com,NKSH,0.63,2018-11-15,2018-11-26,2018-11-23,2018-12-03
Nordstrom Inc,http://shop.nordstrom.com,JWN,0.37,2018-11-14,2018-11-26,2018-11-23,2018-12-11
Patriot National Bancorp Inc,http://www.bankpatriot.com,PNBK,0.01,2018-11-15,2018-11-26,2018-11-23,2018-12-04
Prudential Financial Inc,http://www.prudential.com,PRU,0.9,2018-11-12,2018-11-26,2018-11-23,2018-12-13
Radian Group Inc,http://www.radian.biz,RDN,0.0025,2018-11-14,2018-11-26,2018-11-23,2018-12-07
Resources Connection Inc,http://www.rgp.com,RECN,0.13,2018-11-14,2018-11-26,2018-11-23,2018-12-11
Russel Metals Inc,,RUS:CA,0.38,2018-11-07,2018-11-26,2018-11-23,2018-12-14
Scotts Miracle-Gro Co,http://www.scotts.com,SMG,0.55,2018-11-07,2018-11-26,2018-11-23,2018-12-10
Switch Inc,http://www.switch.com,SWCH,0.0147,2018-11-13,2018-11-26,2018-11-23,2018-12-06
Tractor Supply Co,http://www.tractorsupply.com,TSCO,0.31,2018-11-08,2018-11-26,2018-11-23,2018-12-11
Tronox Ltd,http://www.tronox.com,TROX,0.045,2018-11-15,2018-11-26,2018-11-23,2018-12-07
Wingstop Inc,http://www.wingstop.com,WING,3.05,2018-11-14,2018-11-26,2018-11-23,2018-12-03
Xinyuan Real Estate Co Ltd,http://www.xyre.com,XIN,0.1,2018-11-13,2018-11-26,2018-11-23,2018-12-12
Yum! Brands Inc,http://www.yum.com,YUM,0.36,2018-11-16,2018-11-26,2018-11-23,2018-12-07
AMC Entertainment Holdings Inc,http://www.amctheatres.com,AMC,0.2,2018-11-01,2018-12-10,2018-12-07,2018-12-26
American Finance Trust Inc,http://www.americanfinancetrust.com,AFIN,0.0916667,2018-10-01,2018-12-10,2018-12-07,2018-12-17
Auburn National Bancorporation Inc,http://www.auburnbank.com,AUBN,0.24,2018-11-13,2018-12-10,2018-12-07,2018-12-27
Becton Dickinson and Co,http://www.bd.com,BDX,0.77,2018-11-19,2018-12-10,2018-12-07,2018-12-31
Canadian Natural Resources Ltd,,CNQ:CA,0.335,2018-11-01,2018-12-10,2018-12-07,2019-01-01
Cato Corp,http://www.catofashions.com,CATO,0.33,2018-11-21,2018-12-10,2018-12-07,2019-01-02
CB Financial Services Inc,http://www.communitybank.tv,CBFV,0.23,2018-11-21,2018-12-10,2018-12-07,2018-12-20
Chico's FAS Inc,http://www.chicosfas.com,CHS,0.085,2018-11-09,2018-12-10,2018-12-07,2018-12-21
CME Group Inc,http://www.cmegroup.com,CME,0.7,2018-11-07,2018-12-10,2018-12-07,2018-12-27
CNO Financial Group Inc,http://www.cnoinc.com,CNO,0.1,2018-11-15,2018-12-10,2018-12-07,2018-12-24
Escalade Inc,http://www.escaladeinc.com,ESCA,0.125,2018-11-01,2018-12-10,2018-12-07,2018-12-17
FedEx Corp,http://www.fedex.com,FDX,0.65,2018-11-16,2018-12-10,2018-12-07,2019-01-02
First American Financial Corp,http://www.firstam.com,FAF,0.42,2018-11-06,2018-12-10,2018-12-07,2018-12-17
Gannett Co Inc,http://www.gannett.com,GCI,0.16,2018-10-17,2018-12-10,2018-12-07,2018-12-24
Genpact Ltd,http://www.genpact.com,G,0.075,2018-10-23,2018-12-10,2018-12-07,2018-12-19
Ladder Capital Corp,http://www.laddercapital.com,LADR,0.57,2018-11-01,2018-12-10,2018-12-07,2019-01-24
MGM Resorts International,http://www.mgmresorts.com,MGM,0.12,2018-10-30,2018-12-10,2018-12-07,2018-12-14
Occidental Petroleum Corp,http://www.oxy.com,OXY,0.78,2018-10-18,2018-12-10,2018-12-07,2019-01-15
OFS Credit Company Inc,,OCCI,0.167,2018-10-16,2018-12-10,2018-12-07,2018-12-31
Power Corporation of Canada,,POW:CA,0.382,2018-11-08,2018-12-10,2018-12-07,2018-12-31
PPL Corp,http://www.pplweb.com,PPL,0.41,2018-11-16,2018-12-10,2018-12-07,2019-01-02
RCI Hospitality Holdings Inc,http://www.rcihospitality.com,RICK,0.03,2018-11-15,2018-12-10,2018-12-07,2018-12-26
SCANA Corp,http://www.scana.com,SCG,0.1237,2018-10-25,2018-12-10,2018-12-07,2019-01-02
South Jersey Industries Inc,http://www.sjindustries.com,SJI,0.2875,2018-11-19,2018-12-10,2018-12-07,2018-12-27
Torstar Corp,,TS_B:CA,0.025,2018-10-31,2018-12-10,2018-12-07,2018-12-31
Travelers Companies Inc,http://www.travelers.com,TRV,0.77,2018-10-18,2018-12-10,2018-12-07,2018-12-31
UMB Financial Corp,http://www.umb.com,UMBF,0.3,2018-10-23,2018-12-10,2018-12-07,2019-01-02
VF Corp,http://www.vfc.com,VFC,0.51,2018-10-19,2018-12-10,2018-12-07,2018-12-20
Anthem Inc,http://www.antheminc.com,ANTM,0.75,2018-10-31,2018-12-05,2018-12-04,2018-12-21
Avery Dennison Corp,http://www.averydennison.com,AVY,0.52,2018-10-25,2018-12-05,2018-12-04,2018-12-19
Avnet Inc,http://www.avnet.com,AVT,0.2,2018-11-19,2018-12-05,2018-12-04,2018-12-19
Chicago Rivet & Machine Co,http://www.chicagorivet.com,CVR,0.21,2018-11-19,2018-12-05,2018-12-04,2018-12-20
CSG Systems International Inc,http://www.csgi.com,CSGS,0.21,2018-11-19,2018-12-05,2018-12-04,2018-12-20
DXC Technology Co,http://www.dxc.technology,DXC,0.19,2018-10-11,2018-12-05,2018-12-04,2019-01-15
EnPro Industries Inc,http://www.enproindustries.com,NPO,0.24,2018-10-31,2018-12-05,2018-12-04,2018-12-19
Fanhua Inc,http://www.fanhuaholdings.com,FANH,0.25,2018-11-19,2018-12-05,2018-12-04,2018-12-20
Greenhill & Co Inc,http://www.greenhill.com,GHL,0.05,2018-10-24,2018-12-05,2018-12-04,2018-12-19
Hammond Power Solutions Inc,,HPS_A:CA,0.06,2018-11-22,2018-12-05,2018-12-04,2018-12-12
Hancock Whitney Corp,http://www.hancockwhitney.com,HWC,0.27,2018-10-29,2018-12-05,2018-12-04,2018-12-14
Jack in the Box Inc,http://www.jackinthebox.com,JACK,0.4,2018-11-19,2018-12-05,2018-12-04,2018-12-18
Juniper Networks Inc,http://www.juniper.net,JNPR,0.18,2018-10-23,2018-12-05,2018-12-04,2018-12-26
Lam Research Corp,http://www.lamresearch.com,LRCX,1.1,2018-11-13,2018-12-05,2018-12-04,2018-12-26
Match Group Inc,http://www.mtch.com,MTCH,2,2018-11-07,2018-12-05,2018-12-04,2018-12-19
Medley Capital Corp,http://www.medleycapitalcorp.com,MCC,0.1,2018-11-19,2018-12-05,2018-12-04,2018-12-20
Perspecta Inc,http://www.perspecta.com,PRSP,0.05,2018-11-14,2018-12-05,2018-12-04,2019-01-15
PJT Partners Inc,http://www.pjtpartners.com,PJT,0.05,2018-10-30,2018-12-05,2018-12-04,2018-12-19
Popular Inc,http://www.popular.com,BPOP,0.25,2018-11-14,2018-12-05,2018-12-04,2019-01-02
Schlumberger NV,http://www.slb.com,SLB,0.5,2018-10-19,2018-12-05,2018-12-04,2019-01-11
Scorpio Tankers Inc,http://www.scorpiotankers.com,STNG,0.01,2018-10-31,2018-12-05,2018-12-04,2018-12-13
Southwest Airlines Co,http://www.southwest.com,LUV,0.16,2018-11-14,2018-12-05,2018-12-04,2019-01-02
Westbond Enterprises Corp,,WBE:CA,0.0025,2018-11-19,2018-12-05,2018-12-04,2018-12-20
Ameren Corp,http://www.amereninvestors.com,AEE,0.475,2018-10-12,2018-12-12,2018-12-11,2018-12-31
American International Group Inc,http://www.aig.com,AIG,0.32,2018-10-31,2018-12-12,2018-12-11,2018-12-26
Anadarko Petroleum Corp,http://www.anadarko.com,APC,0.3,2018-11-15,2018-12-12,2018-12-11,2018-12-26
Forrester Research Inc,http://www.forrester.com,FORR,0.2,2018-10-24,2018-12-12,2018-12-11,2018-12-26
FS Investment Corp,http://www.fsinvestmentcorp.com,FSIC,0.19,2018-11-07,2018-12-12,2018-12-11,2019-01-02
Hewlett Packard Enterprise Co,http://www.hpe.com,HPE,0.1125,2018-09-20,2018-12-12,2018-12-11,2019-01-02
Kohls Corp,http://www.Kohls.com,KSS,0.61,2018-11-20,2018-12-12,2018-12-11,2018-12-26
Public Storage,http://www.publicstorage.com,PSA,2,2018-10-30,2018-12-12,2018-12-11,2018-12-27
Ship Finance International Ltd,http://www.shipfinance.bm,SFL,0.35,2018-11-20,2018-12-12,2018-12-11,2018-12-28
WestJet Airlines Ltd,,WJA:CA,0.14,2018-10-30,2018-12-12,2018-12-11,2018-12-28
ADT Inc,http://www.adt.com,ADT,0.035,2018-11-07,2018-12-14,2018-12-13,2019-01-04
AKITA Drilling Ltd,,AKT_A:CA,0.085,2018-11-09,2018-12-14,2018-12-13,2019-01-04
Albemarle Corp,http://www.albemarle.com,ALB,0.335,2018-10-30,2018-12-14,2018-12-13,2019-01-02
Amerisafe Inc,http://www.amerisafe.com,AMSF,3.5,2018-10-24,2018-12-14,2018-12-13,2018-12-28
Amerisafe Inc,http://www.amerisafe.com,AMSF,0.22,2018-10-24,2018-12-14,2018-12-13,2018-12-28
Ares Capital Corp,http://www.arescapitalcorp.com,ARCC,0.39,2018-10-31,2018-12-14,2018-12-13,2018-12-28
AstroNova Inc,http://www.astronovainc.com,ALOT,0.07,2018-11-21,2018-12-14,2018-12-13,2018-12-21
Automatic Data Processing Inc,http://www.adp.com,ADP,0.79,2018-11-06,2018-12-14,2018-12-13,2019-01-01
BancorpSouth Bank,http://www.bancorpsouth.com,BXS,0.17,2018-10-24,2018-12-14,2018-12-13,2019-01-02
Bank of Ocean City,,AOCN,0.8,2018-11-19,2018-12-15,2018-12-13,2019-01-02
Barings BDC Inc,http://www.baringsbdc.com,BBDC,0.1,2018-10-11,2018-12-14,2018-12-13,2018-12-21
BCE Inc,,BCE:CA,0.755,2018-11-01,2018-12-14,2018-12-13,2019-01-15
Bed Bath & Beyond Inc,http://www.bedbathandbeyond.com,BBBY,0.16,2018-09-26,2018-12-14,2018-12-13,2019-01-15
BNS Split Corp II,,BSC:CA,0.1975,2018-11-22,2018-12-14,2018-12-13,2018-12-21
BrightSphere Investment Group PLC,http://www.bsig.com,BSIG,0.1,2018-11-01,2018-12-14,2018-12-13,2018-12-28
Broadridge Financial Solutions Inc,http://www.broadridge.com,BR,0.485,2018-11-08,2018-12-14,2018-12-13,2019-01-03
CAE Inc,,CAE:CA,0.1,2018-11-13,2018-12-14,2018-12-13,2018-12-31
Carolina Financial Corp,http://www.haveanicebank.com,CARO,0.07,2018-10-24,2018-12-14,2018-12-13,2019-01-04
Cenovus Energy Inc,,CVE:CA,0.05,2018-10-31,2018-12-14,2018-12-13,2018-12-31
CenterState Bank Corp,http://www.centerstatebank.com,CSFL,0.1,2018-10-22,2018-12-14,2018-12-13,2018-12-31
Chesapeake Utilities Corp,http://www.chpk.com,CPK,0.37,2018-11-08,2018-12-14,2018-12-13,2019-01-07
CM Finance Inc,http://www.cmfn-inc.com,CMFN,0.25,2018-11-08,2018-12-14,2018-12-13,2019-01-03
Comerica Inc,http://www.comerica.com,CMA,0.6,2018-11-06,2018-12-14,2018-12-13,2019-01-01
Community Bank System Inc,http://www.communitybankna.com,CBU,0.38,2018-11-21,2018-12-14,2018-12-13,2019-01-10
Community Trust Bancorp Inc,http://www.ctbi.com,CTBI,0.36,2018-10-24,2018-12-15,2018-12-13,2019-01-01
Conmed Corp,http://www.conmed.com,CNMD,0.2,2018-11-08,2018-12-14,2018-12-13,2019-01-07
Constellation Software Inc,,CSU:CA,1,2018-10-25,2018-12-14,2018-12-13,2019-01-04
Corby Spirit and Wine Ltd,,CSW_A:CA,0.44,2018-11-07,2018-12-14,2018-12-13,2019-01-11
Corus Entertainment Inc,,CJR_B:CA,0.06,2018-10-19,2018-12-14,2018-12-13,2018-12-28
Crown Castle International Corp,http://www.crowncastle.com,CCI,1.125,2018-10-17,2018-12-14,2018-12-13,2018-12-31
Crown Crafts Inc,http://www.crowncrafts.com,CRWS,0.08,2018-11-08,2018-12-14,2018-12-13,2019-01-04
Devon Energy Corp,http://www.devonenergy.com,DVN,0.08,2018-09-12,2018-12-14,2018-12-13,2018-12-28
Digital Realty Trust Inc,http://www.digitalrealty.com,DLR,1.01,2018-11-13,2018-12-14,2018-12-13,2019-01-15
Domino's Pizza Inc,http://www.dominos.com,DPZ,0.55,2018-10-16,2018-12-14,2018-12-13,2018-12-28
E. W. Scripps Co,http://www.scripps.com,SSP,0.05,2018-11-07,2018-12-14,2018-12-13,2018-12-26
Economic Investment Trust Ltd,,EVT:CA,0.3,2018-11-06,2018-12-14,2018-12-13,2018-12-31
Encana Corp,,ECA:CA,0.015,2018-11-01,2018-12-14,2018-12-13,2018-12-31
EnerSys,http://www.enersys.com,ENS,0.175,2018-11-07,2018-12-14,2018-12-13,2018-12-28
Enterprise Financial Services Corp,http://www.enterprisebank.com,EFSC,0.13,2018-10-22,2018-12-14,2018-12-13,2018-12-28
Entravision Communications Corp,http://www.entravision.com,EVC,0.05,2018-11-07,2018-12-14,2018-12-13,2018-12-31
Equitable Group Inc,,EQB:CA,0.28,2018-11-08,2018-12-14,2018-12-13,2019-01-03
ESSA Bancorp Inc,http://ir.essabank.com,ESSA,0.1,2018-11-21,2018-12-16,2018-12-13,2018-12-28
Essendant Inc,http://www.essendant.com,ESND,0.14,2018-10-24,2018-12-14,2018-12-13,2019-01-15
Evolution Petroleum Corp,http://www.evolutionpetroleum.com,EPM,0.1,2018-11-08,2018-12-14,2018-12-13,2018-12-31
Extra Space Storage Inc,http://www.extraspace.com,EXR,0.86,2018-11-13,2018-12-14,2018-12-13,2018-12-31
Fauquier Bankshares Inc,http://www.tfb.bank,FBSS,0.12,2018-11-19,2018-12-14,2018-12-13,2019-01-02
FBL Financial Group Inc,http://www.fblfinancial.com,FFG,0.46,2018-11-14,2018-12-14,2018-12-13,2018-12-31
Federal Agricultural Mortgage Corp,http://www.farmermac.com,AGM,0.58,2018-10-31,2018-12-14,2018-12-13,2018-12-31
Fidelity National Financial Inc,http://www.fnf.com,FNF,0.3,2018-10-24,2018-12-14,2018-12-13,2018-12-28
Fidelity National Information Services Inc,http://www.fisglobal.com,FIS,0.32,2018-10-25,2018-12-14,2018-12-13,2018-12-28
First Capital Inc,http://www.firstharrison.com,FCAP,0.23,2018-11-20,2018-12-14,2018-12-13,2018-12-28
First Financial Bankshares Inc,http://www.ffin.com,FFIN,0.21,2018-10-30,2018-12-14,2018-12-13,2019-01-02
First Horizon National Corp,http://www.firsthorizon.com,FHN,0.12,2018-10-23,2018-12-14,2018-12-13,2019-01-02
Fronsac REIT,,FRO_UN:CA,0.00168,2018-08-24,2018-12-14,2018-12-13,2018-12-31
Gaming and Leisure Properties Inc,http://www.glpropinc.com,GLPI,0.68,2018-10-15,2018-12-14,2018-12-13,2018-12-28
Garmin Ltd,http://www.garmin.com,GRMN,0.53,2018-02-21,2018-12-14,2018-12-13,2018-12-31
GATX Corp,http://www.gatx.com,GATX,0.44,2018-10-26,2018-12-14,2018-12-13,2018-12-31
George Weston Ltd,,WN:CA,0.515,2018-11-20,2018-12-15,2018-12-13,2019-01-01
Gilead Sciences Inc,http://www.gilead.com,GILD,0.57,2018-10-25,2018-12-14,2018-12-13,2018-12-28
Global Payments Inc,http://www.globalpaymentsinc.com,GPN,0.01,2018-10-30,2018-12-14,2018-12-13,2018-12-28
Global Water Resources Inc,http://www.gwresources.com,GWRS,0.023861,2018-11-08,2018-12-14,2018-12-13,2018-12-28
Golar LNG Ltd,http://www.golarlng.com,GLNG,0.15,2018-11-05,2018-12-14,2018-12-13,2019-01-03
Graphic Packaging Holding Co,http://www.graphicpkg.com,GPK,0.075,2018-11-15,2018-12-15,2018-12-13,2019-01-05
Hamilton Lane Inc,http://www.hamiltonlane.com,HLNE,0.2125,2018-11-06,2018-12-14,2018-12-13,2019-01-07
Harvest Capital Credit Corp,http://www.harvestcapitalcredit.com,HCAP,0.095,2018-11-08,2018-12-14,2018-12-13,2018-12-21
Hawthorn Bancshares Inc,http://www.hawthornbancshares.com,HWBK,0.1,2018-11-08,2018-12-15,2018-12-13,2019-01-01
Heritage Insurance Holdings Inc,http://www.heritagepci.com,HRTG,0.06,2018-10-31,2018-12-15,2018-12-13,2019-01-04
Hill-Rom Holdings Inc,http://www.hill-rom.com,HRC,0.2,2018-11-07,2018-12-14,2018-12-13,2018-12-31
Huntsman Corp,http://www.huntsman.com,HUN,0.1625,2018-11-07,2018-12-14,2018-12-13,2018-12-31
Insteel Industries Inc,http://www.insteel.com,IIIN,0.03,2018-11-14,2018-12-14,2018-12-13,2019-01-04
Intact Financial Corp,,IFC:CA,0.7,2018-11-07,2018-12-14,2018-12-13,2018-12-31
Intercontinental Exchange Inc,http://www.intercontinentalexchange.com,ICE,0.24,2018-10-31,2018-12-14,2018-12-13,2018-12-31
Intertape Polymer Group Inc,,ITP:CA,0.14,2018-11-08,2018-12-14,2018-12-13,2018-12-28
James River Group Holdings Ltd,http://www.jrgh.net,JRVR,0.3,2018-11-07,2018-12-14,2018-12-13,2018-12-28
Leggett & Platt Inc,http://www.leggett.com,LEG,0.38,2018-11-06,2018-12-14,2018-12-13,2019-01-15
Loblaw Companies Ltd,,L:CA,0.295,2018-11-14,2018-12-15,2018-12-13,2018-12-30
Macy's Inc,http://www.macysinc.com,M,0.3775,2018-10-26,2018-12-14,2018-12-13,2019-01-02
Magellan Aerospace Corp,,MAL:CA,0.1,2018-11-02,2018-12-14,2018-12-13,2018-12-31
Maxar Technologies Ltd,,MAXR:CA,0.37,2018-10-31,2018-12-14,2018-12-13,2018-12-31
MCAN Mortgage Corp,,MKP:CA,0.32,2018-09-24,2018-12-14,2018-12-13,2019-01-02
Melcor Developments Ltd,,MRD:CA,0.13,2018-11-06,2018-12-14,2018-12-13,2018-12-28
Merchants Bancorp,http://www.merchantsbankofindiana.com,MBIN,0.06,2018-11-14,2018-12-14,2018-12-13,2018-12-31
Morguard Corp,,MRC:CA,0.15,2018-11-08,2018-12-14,2018-12-13,2018-12-31
Motorola Solutions Inc,http://www.motorolasolutions.com,MSI,0.57,2018-11-15,2018-12-14,2018-12-13,2019-01-15
MutualFirst Financial Inc,http://www.bankwithmutual.com,MFSF,0.2,2018-11-15,2018-12-14,2018-12-13,2018-12-28
Nasdaq Inc,http://www.business.nasdaq.com,NDAQ,0.44,2018-10-24,2018-12-14,2018-12-13,2018-12-28
National Storage Affiliates Trust,http://www.nationalstorageaffiliates.com,NSA,0.3,2018-11-15,2018-12-14,2018-12-13,2018-12-31
New Jersey Resources Corp,http://www.njresources.com,NJR,0.2925,2018-11-13,2018-12-14,2018-12-13,2019-01-02
New Mountain Finance Corp,http://www.newmountainfinance.com,NMFC,0.34,2018-11-07,2018-12-14,2018-12-13,2018-12-28
Northern Trust Corp,http://www.northerntrust.com,NTRS,0.55,2018-10-16,2018-12-14,2018-12-13,2019-01-01
NorthWestern Corp,http://www.northwesternenergy.com,NWE,0.55,2018-10-23,2018-12-14,2018-12-13,2018-12-31
Pason Systems Inc,,PSI:CA,0.18,2018-11-07,2018-12-14,2018-12-13,2018-12-31
PolyOne Corp,http://www.polyone.com,POL,0.195,2018-10-11,2018-12-14,2018-12-13,2019-01-09
Preferred Apartment Communities Inc,http://www.pacapts.com,APTS,0.26,2018-11-01,2018-12-14,2018-12-13,2019-01-15
Prosperity Bancshares Inc,http://www.prosperitybankusa.com,PB,0.41,2018-10-24,2018-12-15,2018-12-13,2019-01-02
Quarterhill Inc,,QTRH:CA,0.0125,2018-11-08,2018-12-14,2018-12-13,2019-01-09
Red Rock Resorts Inc,http://www.redrockresorts.com,RRR,0.1,2018-11-02,2018-12-14,2018-12-13,2019-01-01
Redwood Trust Inc,http://www.redwoodtrust.com,RWT,0.3,2018-11-07,2018-12-14,2018-12-13,2018-12-28
Renaissancere Holdings Ltd,http://www.renre.com,RNR,0.33,2018-11-09,2018-12-14,2018-12-13,2018-12-31
Retail Opportunity Investments Corp,http://www.roireit.net,ROIC,0.195,2018-10-23,2018-12-14,2018-12-13,2018-12-28
Schneider National Inc,http://www.schneider.com,SNDR,0.06,2018-10-31,2018-12-14,2018-12-13,2019-01-07
Service Corporation International,http://www.sci-corp.com,SCI,0.17,2018-11-14,2018-12-14,2018-12-13,2018-12-31
Shaw Communications Inc,,SJR_B:CA,0.09875,2018-10-25,2018-12-14,2018-12-13,2018-12-28
Silvercrest Asset Management Group Inc,http://www.silvercrestgroup.com,SAMG,0.14,2018-11-01,2018-12-14,2018-12-13,2018-12-21
Simmons First National Corp,http://www.simmonsbank.com,SFNC,0.15,2018-10-24,2018-12-14,2018-12-13,2019-01-04
Site Centers Corp,http://www.sitecenters.com,SITC,0.2,2018-11-14,2018-12-14,2018-12-13,2019-01-04
Sonic Automotive Inc,http://www.sonicautomotive.com,SAH,0.06,2018-10-25,2018-12-14,2018-12-13,2019-01-15
Sotherly Hotels Inc,http://www.sotherlyhotels.com,SOHO,0.125,2018-10-30,2018-12-14,2018-12-13,2019-01-11
T. Rowe Price Group Inc,http://www.troweprice.com,TROW,0.7,2018-10-24,2018-12-14,2018-12-13,2018-12-28
Teck Resources Ltd,,TECK_B:CA,0.05,2018-11-16,2018-12-14,2018-12-13,2018-12-31
Teck Resources Ltd,,TECK_B:CA,0.1,2018-11-16,2018-12-14,2018-12-13,2018-12-31
Telephone and Data Systems Inc,http://www.tdsinc.com,TDS,0.16,2018-11-16,2018-12-14,2018-12-13,2018-12-28
Textron Inc,http://www.textron.com,TXT,0.02,2018-10-24,2018-12-14,2018-12-13,2019-01-01
THL Credit Inc,http://www.thlcredit.com,TCRD,0.27,2018-11-07,2018-12-14,2018-12-13,2018-12-31
TIER REIT Inc,http://www.tierreit.com,TIER,0.18,2018-11-02,2018-12-14,2018-12-13,2018-12-27
TPG Specialty Lending Inc,http://www.tpgspecialtylending.com,TSLX,0.39,2018-11-06,2018-12-14,2018-12-13,2019-01-15
TransAlta Renewables Inc,,RNW:CA,0.07833,2018-08-02,2018-12-14,2018-12-13,2018-12-31
Tredegar Corp,http://www.tredegar.com,TG,0.11,2018-11-02,2018-12-14,2018-12-13,2019-01-01
U.S. Silica Holdings Inc,http://www.ussilica.com,SLCA,0.0625,2018-11-13,2018-12-14,2018-12-13,2019-01-04
UGI Corp,http://www.ugicorp.com,UGI,0.26,2018-11-16,2018-12-14,2018-12-13,2019-01-01
United Bankshares Inc,http://www.ubsi-inc.com,UBSI,0.34,2018-11-16,2018-12-14,2018-12-13,2019-01-02
United Community Banks Inc,http://www.ucbi.com,UCBI,0.16,2018-11-08,2018-12-15,2018-12-13,2019-01-07
Universal Display Corp,http://oled.com,OLED,0.06,2018-11-01,2018-12-14,2018-12-13,2018-12-28
Urban Edge Properties,http://www.uedge.com,UE,0.22,2018-11-06,2018-12-14,2018-12-13,2018-12-31
Utah Medical Products Inc,http://www.utahmed.com,UTMD,0.275,2018-10-30,2018-12-14,2018-12-13,2019-01-03
Valley National Bancorp,http://www.valleynationalbank.com,VLY,0.11,2018-11-15,2018-12-14,2018-12-13,2019-01-02
Velan Inc,,VLN:CA,0.03,2018-10-11,2018-12-14,2018-12-13,2018-12-28
Wajax Corp,,WJX:CA,0.25,2018-11-06,2018-12-14,2018-12-13,2019-01-03
Williams Companies Inc,http://www.williams.com,WMB,0.34,2018-11-08,2018-12-14,2018-12-13,2018-12-31
World Wrestling Entertainment Inc,http://www.wwe.com,WWE,0.12,2018-10-18,2018-12-14,2018-12-13,2018-12-26
Worthington Industries Inc,http://www.worthingtonindustries.com,WOR,0.23,2018-09-26,2018-12-14,2018-12-13,2018-12-28
Wyndham Destinations Inc,http://www.wyndhamdestinations.com,WYND,0.41,2018-11-14,2018-12-14,2018-12-13,2018-12-28
Wyndham Hotels & Resorts Inc,http://www.wyndhamhotels.com,WH,0.25,2018-11-16,2018-12-14,2018-12-13,2018-12-28
Aaon Inc,http://www.aaon.com,AAON,0.16,2018-11-08,2018-11-29,2018-11-28,2018-12-20
Analog Devices Inc,http://www.analog.com,ADI,0.48,2018-11-20,2018-11-29,2018-11-28,2018-12-10
DNB Financial Corp,http://www.dnbfirst.com,DNBF,0.07,2018-11-15,2018-11-29,2018-11-28,2018-12-10
Enerplus Corp,,ERF:CA,0.01,2018-11-19,2018-11-29,2018-11-28,2018-12-14
Evergy Inc,http://www.evergyinc.com,EVRG,0.475,2018-11-07,2018-11-29,2018-11-28,2018-12-20
Griffon Corp,http://www.griffon.com,GFF,0.0725,2018-11-14,2018-11-29,2018-11-28,2018-12-20
Home Depot Inc,http://www.homedepot.com,HD,1.03,2018-11-15,2018-11-29,2018-11-28,2018-12-13
Maxim Integrated Products Inc,http://www.maximintegrated.com,MXIM,0.46,2018-10-30,2018-11-29,2018-11-28,2018-12-13
Pebblebrook Hotel Trust,http://www.pebblebrookhotels.com,PEB,0.2478261,2018-11-19,2018-11-29,2018-11-28,2019-01-15
Six Flags Entertainment Corp,http://www.sixflags.com,SIX,0.82,2018-11-14,2018-11-29,2018-11-28,2018-12-10
Aaron's Inc,http://www.aarons.com,AAN,0.035,2018-11-07,2018-12-20,2018-12-19,2019-01-07
Apollo Investment Corp,http://www.apolloic.com,AINV,0.15,2018-10-31,2018-12-20,2018-12-19,2019-01-04
Capitala Finance Corp,http://www.capitalagroup.com,CPTA,0.0833,2018-10-01,2018-12-20,2018-12-19,2018-12-28
Cargojet Inc,,CJT:CA,0.212,2018-11-13,2018-12-20,2018-12-19,2019-01-07
Circa Enterprises Inc,,CTO:CA,0.06,2018-11-08,2018-12-20,2018-12-19,2019-01-04
Dine Brands Global Inc,http://www.dinebrands.com,DIN,0.63,2018-10-09,2018-12-20,2018-12-19,2019-01-04
Ensign Energy Services Inc,,ESI:CA,0.12,2018-11-02,2018-12-20,2018-12-19,2019-01-04
Getty Realty Corp,http://www.gettyrealty.com,GTY,0.35,2018-10-24,2018-12-20,2018-12-19,2019-01-04
Gladstone Capital Corp,http://www.gladstonecapital.com,GLAD,0.07,2018-10-09,2018-12-20,2018-12-19,2018-12-31
Gladstone Commercial Corp,http://www.gladstonecommercial.com,GOOD,0.125,2018-10-09,2018-12-20,2018-12-19,2018-12-31
Gladstone Investment Corp,http://www.gladstoneinvestment.com,GAIN,0.068,2018-10-09,2018-12-20,2018-12-19,2018-12-31
Gladstone Land Corp,http://www.gladstoneland.com,LAND,0.0444,2018-10-09,2018-12-20,2018-12-19,2018-12-31
KAR Auction Services Inc,http://www.karauctionservices.com,KAR,0.35,2018-11-06,2018-12-20,2018-12-19,2019-01-04
Neo Performance Materials Inc,,NEO:CA,0.095,2018-11-14,2018-12-20,2018-12-19,
New Look Vision Group Inc,,BCI:CA,0.15,2018-11-12,2018-12-20,2018-12-19,2018-12-31
RPT Realty,http://www.rptrealty.com,RPT,0.22,2018-11-02,2018-12-20,2018-12-19,2019-01-02
Solar Capital Ltd,http://www.solarcapltd.com,SLRC,0.41,2018-11-05,2018-12-20,2018-12-19,2019-01-04
Tiffany & Co,http://www.tiffany.com,TIF,0.55,2018-11-15,2018-12-20,2018-12-19,2019-01-10
Washington Real Estate Investment Trust,http://www.washreit.com,WRE,0.3,2018-10-25,2018-12-20,2018-12-19,2019-01-04
Altius Minerals Corp,,ALS:CA,0.04,2018-11-07,2018-12-06,2018-12-05,2018-12-20
Brown-Forman Corp,http://www.brown-forman.com,BF/B,0.166,2018-11-15,2018-12-06,2018-12-05,2019-01-02
Computer Modelling Group Ltd,,CMG:CA,0.1,2018-11-13,2018-12-06,2018-12-05,2018-12-14
Franco-Nevada Corp,,FNV:CA,0.24,2018-11-05,2018-12-06,2018-12-05,2018-12-20
Gladstone Investment Corp,http://www.gladstoneinvestment.com,GAIN,0.06,2018-10-09,2018-12-06,2018-12-05,2018-12-14
Golden Ocean Group Ltd,http://www.goldenocean.bm,GOGL,0.15,2018-11-20,2018-12-06,2018-12-05,2018-12-20
Halliburton Co,http://www.halliburton.com,HAL,0.18,2018-11-07,2018-12-06,2018-12-05,2018-12-27
Liberty Oilfield Services Inc,http://www.libertyfrac.com,LBRT,0.05,2018-10-23,2018-12-06,2018-12-05,2018-12-20
Mannatech Inc,http://www.mannatech.com,MTEX,0.5,2018-11-14,2018-12-06,2018-12-05,2018-12-27
Mosaic Co,http://www.mosaicco.com,MOS,0.025,2018-10-18,2018-12-06,2018-12-05,2018-12-20
Newmont Mining Corp,http://www.newmont.com,NEM,0.14,2018-10-24,2018-12-06,2018-12-05,2018-12-27
Old Dominion Freight Line Inc,http://www.odfl.com,ODFL,0.13,2018-11-01,2018-12-06,2018-12-05,2018-12-20
Patterson-UTI Energy Inc,http://www.patenergy.com,PTEN,0.04,2018-10-25,2018-12-06,2018-12-05,2018-12-20
Qualcomm Inc,http://www.qualcomm.com,QCOM,0.62,2018-10-23,2018-12-06,2018-12-05,2018-12-20
Resolute Forest Products Inc,http://www.resolutefp.com,RFP,1.5,2018-11-01,2018-12-06,2018-12-05,2018-12-20
TiVo Corp,http://www.tivo.com,TIVO,0.18,2018-11-08,2018-12-06,2018-12-05,2018-12-20
Travelport Worldwide Ltd,http://www.travelport.com,TVPT,0.075,2018-11-01,2018-12-06,2018-12-05,2018-12-20
Vishay Intertechnology Inc,http://www.vishay.com,VSH,0.085,2018-10-29,2018-12-06,2018-12-05,2018-12-20
Advance Auto Parts Inc,http://www.advanceautoparts.com,AAP,0.06,2018-11-13,2018-12-21,2018-12-20,2019-01-04
Chubb Ltd,http://www2.chubb.com,CB,0.73,2018-11-15,2018-12-21,2018-12-20,2019-01-11
Eagle Materials Inc,http://www.eaglematerials.com,EXP,0.1,2018-11-07,2018-12-21,2018-12-20,2019-01-25
First Guaranty Bancshares Inc,http://www.fgb.net,FGBI,0.16,2018-11-20,2018-12-21,2018-12-20,2018-12-31
First Midwest Bancorp Inc,http://www.firstmidwest.com,FMBI,0.12,2018-11-16,2018-12-21,2018-12-20,2019-01-08
Hackett Group Inc,http://www.thehackettgroup.com,HCKT,0.17,2018-11-06,2018-12-21,2018-12-20,2019-01-04
Kimball International Inc,http://www.kimballinternational.com,KBAL,0.08,2018-10-30,2018-12-21,2018-12-20,2019-01-15
LTC Properties Inc,http://www.LTCreit.com,LTC,0.19,2018-10-01,2018-12-21,2018-12-20,2018-12-31
QCR Holdings Inc,http://www.qcrh.com,QCRH,0.06,2018-11-15,2018-12-21,2018-12-20,2019-01-02
QTS Realty Trust Inc,http://www.qtsdatacenters.com,QTS,0.41,2018-11-08,2018-12-21,2018-12-20,2019-01-08
Republic Bancorp Inc,http://www.republicbank.com,RBCAA,0.242,2018-11-14,2018-12-21,2018-12-20,2019-01-18
Steven Madden Ltd,http://www.stevemadden.com,SHOO,0.14,2018-10-30,2018-12-21,2018-12-20,2018-12-31
Turning Point Brands Inc,http://www.turningpointbrands.com,TPB,0.045,2018-11-06,2018-12-21,2018-12-20,2019-01-11
